Date,Benchmark
2008-01-01,7020.78
2008-01-02,7090.22
2008-01-03,7095.97
2008-01-04,7174.73
2008-01-07,7171.53
2008-01-08,7119.57
2008-01-09,7108.62
2008-01-10,6936.51
2008-01-11,6973.48
2008-01-14,7021.9
2008-01-15,6887.42
2008-01-16,6734.66
2008-01-17,6716.67
2008-01-18,6422.91
2008-01-21,5770.56
2008-01-22,5390.8
2008-01-23,5759.97
2008-01-24,5564.5
2008-01-25,5955.85
2008-01-28,5865.04
2008-01-29,5856.89
2008-01-30,5719.17
2008-01-31,5671.45
2008-02-01,5804.28
2008-02-04,5987.51
2008-02-05,6025.58
2008-02-06,5877.01
2008-02-07,5682.34
2008-02-08,5629.82
2008-02-11,5333.73
2008-02-12,5291.45
2008-02-13,5367.06
2008-02-14,5670.13
2008-02-15,5786.39
2008-02-18,5771.63
2008-02-19,5781.29
2008-02-20,5647.69
2008-02-21,5688.39
2008-02-22,5607.45
2008-02-25,5674.68
2008-02-26,5751.96
2008-02-27,5754.63
2008-02-28,5749.93
2008-02-29,5692.94
2008-03-03,5403.44
2008-03-04,5281.21
2008-03-05,5307.79
2008-03-07,5120.93
2008-03-10,5127.99
2008-03-11,5253.98
2008-03-12,5235.37
2008-03-13,4941.58
2008-03-14,5050.93
2008-03-17,4756.27
2008-03-18,4756.88
2008-03-19,4776.51
2008-03-24,4774.74
2008-03-25,5066.35
2008-03-26,5050.03
2008-03-27,5043.5
2008-03-28,5185.81
2008-03-31,4996.1
2008-04-01,4985.13
2008-04-02,5009.08
2008-04-03,5015.51
2008-04-04,4894.95
2008-04-07,5002.77
2008-04-08,4972.21
2008-04-09,5020.92
2008-04-10,5003.42
2008-04-11,5043.92
2008-04-15,5143.58
2008-04-16,5172.0
2008-04-17,5261.06
2008-04-21,5355.07
2008-04-22,5382.8
2008-04-23,5362.43
2008-04-24,5334.15
2008-04-25,5437.27
2008-04-28,5429.89
2008-04-29,5530.03
2008-04-30,5515.51
2008-05-02,5591.76
2008-05-05,5575.61
2008-05-06,5509.83
2008-05-07,5485.14
2008-05-08,5427.07
2008-05-09,5311.79
2008-05-12,5314.67
2008-05-13,5282.29
2008-05-14,5334.41
2008-05-15,5436.38
2008-05-16,5487.09
2008-05-20,5435.86
2008-05-21,5456.97
2008-05-22,5359.67
2008-05-23,5277.96
2008-05-26,5180.18
2008-05-27,5156.26
2008-05-28,5218.12
2008-05-29,5154.3
2008-05-30,5180.88
2008-06-02,5042.24
2008-06-03,5013.63
2008-06-04,4866.76
2008-06-05,4938.99
2008-06-06,4881.28
2008-06-09,4726.14
2008-06-10,4672.74
2008-06-11,4753.55
2008-06-12,4771.13
2008-06-13,4757.18
2008-06-16,4816.73
2008-06-17,4913.73
2008-06-18,4846.21
2008-06-19,4757.76
2008-06-20,4597.42
2008-06-23,4473.88
2008-06-24,4398.52
2008-06-25,4453.51
2008-06-26,4492.92
2008-06-27,4314.87
2008-06-30,4196.57
2008-07-01,4029.47
2008-07-02,4224.95
2008-07-03,4060.41
2008-07-04,4164.78
2008-07-07,4203.68
2008-07-08,4175.15
2008-07-09,4352.74
2008-07-10,4357.9
2008-07-11,4238.37
2008-07-14,4226.68
2008-07-15,4046.78
2008-07-16,4002.42
2008-07-17,4129.87
2008-07-18,4265.39
2008-07-21,4320.24
2008-07-22,4407.42
2008-07-23,4663.43
2008-07-24,4629.19
2008-07-25,4534.65
2008-07-28,4556.92
2008-07-29,4400.75
2008-07-30,4531.33
2008-07-31,4542.09
2008-08-01,4631.28
2008-08-04,4641.26
2008-08-05,4752.66
2008-08-06,4756.28
2008-08-07,4765.67
2008-08-08,4778.13
2008-08-11,4874.01
2008-08-12,4806.6
2008-08-13,4782.51
2008-08-14,4669.75
2008-08-18,4628.24
2008-08-19,4603.84
2008-08-20,4652.12
2008-08-21,4517.48
2008-08-22,4551.66
2008-08-25,4562.04
2008-08-26,4564.01
2008-08-27,4520.46
2008-08-28,4444.68
2008-08-29,4592.47
2008-09-01,4583.48
2008-09-02,4739.19
2008-09-04,4690.73
2008-09-05,4594.26
2008-09-08,4710.72
2008-09-09,4692.9
2008-09-10,4623.17
2008-09-11,4525.34
2008-09-12,4452.9
2008-09-15,4275.96
2008-09-16,4256.85
2008-09-17,4177.68
2008-09-18,4178.96
2008-09-19,4370.33
2008-09-22,4353.02
2008-09-23,4264.47
2008-09-24,4293.42
2008-09-25,4248.38
2008-09-26,4119.23
2008-09-29,3966.46
2008-09-30,4033.31
2008-10-01,4065.23
2008-10-03,3935.35
2008-10-06,3704.65
2008-10-07,3680.32
2008-10-08,3552.49
2008-10-10,3306.78
2008-10-13,3500.37
2008-10-14,3540.86
2008-10-15,3367.11
2008-10-16,3316.86
2008-10-17,3147.7
2008-10-20,3178.63
2008-10-21,3286.2
2008-10-22,3137.27
2008-10-23,3014.86
2008-10-24,2684.89
2008-10-27,2603.77
2008-10-28,2764.52
2008-10-29,2769.12
2008-10-31,2937.1
2008-11-03,3089.26
2008-11-04,3195.16
2008-11-05,3074.55
2008-11-06,2978.5
2008-11-07,3051.36
2008-11-10,3217.47
2008-11-11,3038.42
2008-11-12,2955.2
2008-11-14,2908.03
2008-11-17,2872.09
2008-11-18,2763.8
2008-11-19,2712.27
2008-11-20,2624.18
2008-11-21,2728.11
2008-11-24,2738.47
2008-11-25,2692.74
2008-11-26,2759.19
2008-11-28,2762.29
2008-12-01,2703.3
2008-12-02,2678.22
2008-12-03,2693.0
2008-12-04,2814.48
2008-12-05,2749.09
2008-12-08,2799.96
2008-12-10,2922.63
2008-12-11,2932.86
2008-12-12,2943.29
2008-12-15,3012.1
2008-12-16,3084.03
2008-12-17,2993.69
2008-12-18,3097.9
2008-12-19,3128.27
2008-12-22,3092.64
2008-12-23,3021.47
2008-12-24,2980.5
2008-12-26,2924.21
2008-12-29,2985.5
2008-12-30,3045.7
2008-12-31,3034.27
2009-01-01,3120.78
2009-01-02,3146.16
2009-01-05,3216.34
2009-01-06,3213.37
2009-01-07,3002.09
2009-01-09,2941.36
2009-01-12,2855.19
2009-01-13,2823.93
2009-01-14,2908.7
2009-01-15,2819.7
2009-01-16,2893.93
2009-01-19,2913.55
2009-01-20,2872.65
2009-01-21,2790.04
2009-01-22,2782.88
2009-01-23,2739.89
2009-01-27,2814.71
2009-01-28,2893.09
2009-01-29,2874.15
2009-01-30,2924.48
2009-02-02,2831.64
2009-02-03,2836.76
2009-02-04,2851.15
2009-02-05,2829.09
2009-02-06,2887.59
2009-02-09,2962.56
2009-02-10,2978.02
2009-02-11,2971.88
2009-02-12,2947.72
2009-02-13,2998.71
2009-02-16,2904.68
2009-02-17,2831.07
2009-02-18,2833.77
2009-02-19,2843.05
2009-02-20,2790.38
2009-02-24,2777.21
2009-02-25,2800.0
2009-02-26,2812.51
2009-02-27,2799.86
2009-03-02,2720.41
2009-03-03,2671.91
2009-03-04,2686.65
2009-03-05,2625.42
2009-03-06,2653.54
2009-03-09,2606.43
2009-03-12,2643.02
2009-03-13,2736.25
2009-03-16,2802.81
2009-03-17,2788.56
2009-03-18,2829.82
2009-03-19,2843.54
2009-03-20,2836.31
2009-03-23,2956.74
2009-03-24,2948.6
2009-03-25,2990.16
2009-03-26,3067.84
2009-03-27,3106.95
2009-03-30,2995.36
2009-03-31,3042.29
2009-04-01,3081.93
2009-04-02,3220.24
2009-04-06,3279.09
2009-04-08,3364.36
2009-04-09,3375.59
2009-04-13,3445.88
2009-04-15,3568.33
2009-04-16,3439.19
2009-04-17,3464.0
2009-04-20,3476.15
2009-04-21,3464.15
2009-04-22,3427.36
2009-04-23,3508.37
2009-04-24,3566.72
2009-04-27,3546.6
2009-04-28,3432.18
2009-04-29,3531.14
2009-05-04,3697.05
2009-05-05,3724.38
2009-05-06,3684.14
2009-05-07,3754.89
2009-05-08,3707.7
2009-05-11,3645.06
2009-05-12,3746.99
2009-05-13,3711.97
2009-05-14,3695.13
2009-05-15,3758.26
2009-05-18,4367.97
2009-05-19,4388.93
2009-05-20,4432.18
2009-05-21,4413.89
2009-05-22,4450.24
2009-05-25,4512.12
2009-05-26,4390.08
2009-05-27,4565.99
2009-05-28,4626.22
2009-05-29,4748.52
2009-06-01,4847.08
2009-06-02,4830.24
2009-06-03,4850.13
2009-06-04,4920.13
2009-06-05,4923.41
2009-06-08,4727.37
2009-06-09,4858.26
2009-06-10,4955.23
2009-06-11,4927.92
2009-06-12,4867.79
2009-06-15,4774.02
2009-06-16,4834.87
2009-06-17,4655.66
2009-06-18,4534.33
2009-06-19,4596.0
2009-06-22,4529.14
2009-06-23,4545.55
2009-06-24,4607.54
2009-06-25,4562.43
2009-06-26,4680.3
2009-06-29,4725.82
2009-06-30,4612.22
2009-07-01,4657.34
2009-07-02,4689.16
2009-07-03,4744.42
2009-07-06,4488.87
2009-07-07,4500.61
2009-07-08,4384.45
2009-07-09,4399.77
2009-07-10,4318.72
2009-07-13,4258.76
2009-07-14,4412.18
2009-07-15,4575.52
2009-07-16,4584.92
2009-07-17,4717.84
2009-07-20,4836.31
2009-07-21,4799.15
2009-07-22,4748.83
2009-07-23,4857.22
2009-07-24,4915.78
2009-07-27,4940.67
2009-07-28,4964.88
2009-07-29,4911.13
2009-07-30,4959.57
2009-07-31,5017.07
2009-08-03,5097.0
2009-08-04,5073.93
2009-08-05,5102.09
2009-08-06,4989.51
2009-08-07,4884.37
2009-08-10,4833.16
2009-08-11,4863.59
2009-08-12,4854.68
2009-08-13,5011.31
2009-08-14,4999.94
2009-08-17,4808.92
2009-08-18,4889.14
2009-08-19,4810.85
2009-08-20,4870.91
2009-08-21,4938.48
2009-08-24,5043.28
2009-08-25,5063.23
2009-08-26,5098.55
2009-08-27,5113.47
2009-08-28,5157.41
2009-08-31,5125.18
2009-09-01,5076.24
2009-09-02,5058.26
2009-09-03,5053.4
2009-09-04,5124.88
2009-09-07,5240.3
2009-09-08,5247.78
2009-09-09,5242.18
2009-09-10,5238.38
2009-09-11,5229.9
2009-09-14,5223.47
2009-09-15,5309.07
2009-09-16,5370.98
2009-09-17,5376.49
2009-09-18,5406.31
2009-09-22,5438.89
2009-09-23,5384.17
2009-09-24,5401.01
2009-09-25,5401.62
2009-09-29,5442.73
2009-09-30,5505.04
2009-10-01,5505.55
2009-10-05,5408.86
2009-10-06,5410.55
2009-10-07,5403.85
2009-10-08,5426.0
2009-10-09,5385.94
2009-10-12,5480.16
2009-10-14,5559.8
2009-10-15,5568.09
2009-10-16,5609.27
2009-10-17,5625.43
2009-10-20,5606.9
2009-10-21,5553.28
2009-10-22,5468.68
2009-10-23,5488.66
2009-10-26,5439.22
2009-10-27,5295.48
2009-10-28,5281.23
2009-10-29,5192.46
2009-10-30,5152.97
2009-11-03,4984.83
2009-11-04,5130.29
2009-11-05,5215.33
2009-11-06,5283.7
2009-11-09,5385.88
2009-11-10,5396.47
2009-11-11,5525.23
2009-11-12,5462.67
2009-11-13,5503.32
2009-11-16,5567.28
2009-11-17,5565.42
2009-11-18,5570.78
2009-11-19,5496.65
2009-11-20,5547.65
2009-11-23,5592.11
2009-11-24,5589.51
2009-11-25,5597.19
2009-11-26,5512.63
2009-11-27,5442.62
2009-11-30,5544.82
2009-12-01,5639.77
2009-12-02,5650.08
2009-12-03,5680.95
2009-12-04,5669.82
2009-12-07,5617.49
2009-12-08,5691.44
2009-12-09,5669.68
2009-12-10,5695.91
2009-12-11,5675.32
2009-12-14,5660.02
2009-12-15,5582.18
2009-12-16,5587.71
2009-12-17,5603.95
2009-12-18,5555.3
2009-12-21,5527.63
2009-12-22,5579.3
2009-12-23,5721.53
2009-12-24,5755.88
2009-12-29,5769.13
2009-12-30,5764.6
2009-12-31,5794.34
2010-01-04,5846.16
2010-01-05,5910.99
2010-01-06,5919.82
2010-01-07,5904.93
2010-01-08,5896.59
2010-01-11,5933.16
2010-01-12,5878.63
2010-01-13,5910.61
2010-01-14,5957.25
2010-01-15,5980.93
2010-01-18,6023.08
2010-01-19,5982.6
2010-01-20,5961.69
2010-01-21,5813.91
2010-01-22,5770.41
2010-01-25,5727.39
2010-01-27,5522.82
2010-01-28,5538.95
2010-01-29,5563.86
2010-02-01,5618.39
2010-02-02,5540.8
2010-02-03,5640.1
2010-02-04,5543.78
2010-02-05,5388.92
2010-02-06,5446.78
2010-02-08,5447.37
2010-02-09,5497.02
2010-02-10,5464.54
2010-02-11,5523.38
2010-02-15,5486.68
2010-02-16,5538.18
2010-02-17,5587.61
2010-02-18,5553.36
2010-02-19,5495.54
2010-02-22,5484.33
2010-02-23,5478.25
2010-02-24,5466.15
2010-02-25,5455.03
2010-02-26,5529.01
2010-03-02,5615.73
2010-03-03,5692.83
2010-03-04,5709.57
2010-03-05,5720.18
2010-03-08,5743.6
2010-03-09,5696.23
2010-03-10,5698.3
2010-03-11,5697.03
2010-03-12,5697.81
2010-03-15,5671.3
2010-03-16,5725.18
2010-03-17,5766.1
2010-03-18,5771.43
2010-03-19,5794.77
2010-03-22,5734.08
2010-03-23,5745.81
2010-03-25,5754.44
2010-03-26,5780.67
2010-03-29,5791.4
2010-03-30,5781.06
2010-03-31,5781.09
2010-04-01,5823.93
2010-04-05,5902.6
2010-04-06,5911.24
2010-04-07,5930.9
2010-04-08,5873.05
2010-04-09,5911.16
2010-04-12,5890.59
2010-04-13,5876.71
2010-04-15,5844.64
2010-04-16,5821.66
2010-04-19,5751.88
2010-04-20,5791.49
2010-04-21,5824.57
2010-04-22,5841.0
2010-04-23,5857.63
2010-04-26,5877.51
2010-04-27,5870.16
2010-04-28,5785.4
2010-04-29,5816.53
2010-04-30,5856.5
2010-05-03,5820.62
2010-05-04,5735.65
2010-05-05,5727.18
2010-05-06,5707.41
2010-05-07,5607.58
2010-05-10,5765.49
2010-05-11,5700.33
2010-05-12,5718.98
2010-05-13,5755.08
2010-05-14,5682.79
2010-05-17,5651.34
2010-05-18,5656.97
2010-05-19,5508.4
2010-05-20,5545.12
2010-05-21,5502.38
2010-05-24,5514.69
2010-05-25,5368.62
2010-05-26,5461.58
2010-05-27,5535.62
2010-05-28,5617.6
2010-05-31,5670.98
2010-06-01,5567.02
2010-06-02,5621.59
2010-06-03,5707.09
2010-06-04,5720.93
2010-06-07,5622.36
2010-06-08,5571.41
2010-06-09,5602.35
2010-06-10,5680.49
2010-06-11,5705.07
2010-06-14,5775.42
2010-06-15,5799.5
2010-06-16,5806.66
2010-06-17,5839.72
2010-06-18,5818.67
2010-06-21,5899.68
2010-06-22,5872.78
2010-06-23,5887.69
2010-06-24,5878.43
2010-06-25,5869.74
2010-06-28,5954.99
2010-06-29,5894.97
2010-06-30,5944.93
2010-07-01,5898.7
2010-07-02,5894.38
2010-07-05,5890.59
2010-07-06,5936.42
2010-07-07,5899.14
2010-07-08,5953.53
2010-07-09,6003.71
2010-07-12,6022.21
2010-07-13,6044.62
2010-07-14,6028.62
2010-07-15,6014.55
2010-07-16,6044.09
2010-07-19,6042.72
2010-07-20,6023.89
2010-07-21,6056.77
2010-07-22,6097.16
2010-07-23,6090.1
2010-07-26,6055.59
2010-07-27,6070.96
2010-07-28,6051.9
2010-07-29,6047.58
2010-07-30,6027.16
2010-08-02,6092.27
2010-08-03,6109.0
2010-08-04,6130.57
2010-08-05,6119.44
2010-08-06,6114.89
2010-08-09,6168.62
2010-08-10,6139.65
2010-08-11,6109.66
2010-08-12,6122.25
2010-08-13,6164.95
2010-08-16,6135.59
2010-08-17,6141.85
2010-08-18,6199.02
2010-08-19,6241.24
2010-08-20,6238.3
2010-08-23,6273.62
2010-08-24,6232.59
2010-08-25,6174.83
2010-08-26,6189.5
2010-08-27,6133.11
2010-08-30,6142.76
2010-08-31,6115.32
2010-09-01,6205.04
2010-09-02,6215.97
2010-09-03,6233.65
2010-09-06,6328.32
2010-09-07,6353.96
2010-09-08,6369.18
2010-09-09,6398.41
2010-09-13,6497.31
2010-09-14,6518.02
2010-09-15,6562.35
2010-09-16,6512.7
2010-09-17,6583.73
2010-09-20,6656.15
2010-09-21,6650.75
2010-09-22,6628.08
2010-09-23,6604.48
2010-09-24,6662.05
2010-09-27,6694.77
2010-09-28,6697.78
2010-09-29,6651.03
2010-09-30,6649.82
2010-10-01,6776.29
2010-10-04,6804.44
2010-10-05,6814.04
2010-10-06,6873.88
2010-10-07,6822.39
2010-10-08,6795.09
2010-10-11,6838.71
2010-10-12,6788.04
2010-10-13,6915.47
2010-10-14,6865.42
2010-10-15,6749.27
2010-10-18,6753.31
2010-10-19,6717.57
2010-10-20,6678.21
2010-10-21,6803.19
2010-10-22,6780.14
2010-10-25,6818.29
2010-10-26,6796.89
2010-10-27,6736.93
2010-10-28,6704.1
2010-10-29,6718.49
2010-11-01,6827.57
2010-11-02,6838.43
2010-11-03,6879.24
2010-11-04,6987.07
2010-11-05,7022.56
2010-11-08,6991.87
2010-11-09,7024.37
2010-11-10,7007.95
2010-11-11,6917.88
2010-11-12,6773.05
2010-11-15,6814.38
2010-11-16,6670.2
2010-11-18,6675.5
2010-11-19,6554.59
2010-11-22,6671.22
2010-11-23,6590.41
2010-11-24,6512.08
2010-11-25,6409.1
2010-11-26,6320.78
2010-11-29,6400.43
2010-11-30,6461.2
2010-12-01,6589.47
2010-12-02,6643.39
2010-12-03,6588.77
2010-12-06,6577.11
2010-12-07,6545.86
2010-12-08,6451.8
2010-12-09,6268.93
2010-12-10,6369.16
2010-12-13,6439.88
2010-12-14,6498.27
2010-12-15,6432.74
2010-12-16,6479.55
2010-12-20,6478.65
2010-12-21,6535.45
2010-12-22,6525.87
2010-12-23,6517.03
2010-12-24,6542.35
2010-12-27,6526.27
2010-12-28,6525.84
2010-12-29,6588.03
2010-12-30,6630.05
2010-12-31,6679.12
2011-01-03,6714.84
2011-01-04,6701.08
2011-01-05,6628.08
2011-01-06,6576.67
2011-01-07,6422.17
2011-01-10,6267.34
2011-01-11,6252.09
2011-01-12,6366.86
2011-01-13,6272.2
2011-01-14,6173.44
2011-01-17,6155.74
2011-01-18,6216.4
2011-01-19,6196.81
2011-01-20,6215.58
2011-01-21,6209.02
2011-01-24,6257.72
2011-01-25,6204.76
2011-01-27,6103.09
2011-01-28,5986.22
2011-01-31,5982.33
2011-02-01,5884.4
2011-02-02,5898.33
2011-02-03,5989.76
2011-02-04,5868.35
2011-02-07,5858.39
2011-02-08,5755.13
2011-02-09,5650.47
2011-02-10,5631.88
2011-02-11,5735.52
2011-02-14,5905.06
2011-02-15,5930.52
2011-02-16,5939.68
2011-02-17,6005.52
2011-02-18,5904.47
2011-02-21,5955.72
2011-02-22,5901.96
2011-02-23,5868.56
2011-02-24,5682.62
2011-02-25,5717.19
2011-02-28,5744.78
2011-03-01,5940.38
2011-03-03,5952.42
2011-03-04,5956.69
2011-03-07,5879.4
2011-03-08,5939.05
2011-03-09,5957.61
2011-03-10,5927.77
2011-03-11,5876.93
2011-03-14,5953.63
2011-03-15,5865.76
2011-03-16,5935.78
2011-03-17,5882.95
2011-03-18,5818.86
2011-03-21,5806.9
2011-03-22,5857.31
2011-03-23,5920.75
2011-03-24,5965.86
2011-03-25,6083.21
2011-03-28,6117.03
2011-03-29,6159.0
2011-03-30,6226.04
2011-03-31,6264.0
2011-04-01,6282.41
2011-04-04,6373.31
2011-04-05,6394.54
2011-04-06,6388.77
2011-04-07,6400.62
2011-04-08,6342.6
2011-04-11,6286.58
2011-04-13,6404.92
2011-04-15,6336.29
2011-04-18,6240.42
2011-04-19,6252.24
2011-04-20,6357.73
2011-04-21,6380.52
2011-04-25,6376.35
2011-04-26,6371.6
2011-04-27,6348.81
2011-04-28,6297.97
2011-04-29,6250.38
2011-05-02,6194.05
2011-05-03,6056.34
2011-05-04,6024.71
2011-05-05,5948.62
2011-05-06,6043.24
2011-05-09,6048.08
2011-05-10,6040.24
2011-05-11,6070.7
2011-05-12,5995.03
2011-05-13,6057.01
2011-05-16,6010.59
2011-05-17,5956.16
2011-05-18,5928.2
2011-05-19,5923.82
2011-05-20,5979.23
2011-05-23,5879.42
2011-05-24,5891.59
2011-05-25,5851.89
2011-05-26,5903.86
2011-05-27,5978.2
2011-05-30,5994.31
2011-05-31,6090.88
2011-06-01,6124.68
2011-06-02,6080.81
2011-06-03,6047.43
2011-06-06,6057.77
2011-06-07,6090.95
2011-06-08,6069.7
2011-06-09,6063.17
2011-06-10,6032.96
2011-06-13,6035.27
2011-06-14,6057.51
2011-06-15,6006.94
2011-06-16,5956.46
2011-06-17,5920.21
2011-06-20,5791.82
2011-06-21,5798.76
2011-06-22,5787.57
2011-06-23,5818.91
2011-06-24,5969.92
2011-06-27,6034.03
2011-06-28,6054.44
2011-06-29,6108.37
2011-06-30,6150.71
2011-07-01,6149.51
2011-07-04,6188.19
2011-07-05,6171.91
2011-07-06,6169.77
2011-07-07,6269.43
2011-07-08,6198.16
2011-07-11,6155.27
2011-07-12,6068.55
2011-07-13,6135.48
2011-07-14,6160.6
2011-07-15,6146.13
2011-07-18,6139.66
2011-07-19,6180.7
2011-07-20,6125.52
2011-07-21,6095.46
2011-07-22,6189.12
2011-07-25,6235.04
2011-07-26,6135.85
2011-07-27,6117.64
2011-07-28,6055.31
2011-07-29,6026.92
2011-08-01,6049.84
2011-08-02,5985.03
2011-08-03,5939.43
2011-08-04,5874.62
2011-08-05,5750.64
2011-08-08,5655.43
2011-08-09,5597.33
2011-08-10,5699.77
2011-08-11,5675.94
2011-08-12,5616.89
2011-08-16,5562.37
2011-08-17,5564.47
2011-08-18,5445.82
2011-08-19,5352.62
2011-08-22,5413.73
2011-08-23,5468.74
2011-08-24,5413.63
2011-08-25,5359.1
2011-08-26,5252.87
2011-08-29,5424.58
2011-08-30,5508.31
2011-09-02,5553.42
2011-09-05,5543.33
2011-09-06,5584.97
2011-09-07,5657.55
2011-09-08,5682.17
2011-09-09,5592.52
2011-09-12,5473.52
2011-09-13,5468.66
2011-09-14,5529.78
2011-09-15,5593.12
2011-09-16,5604.21
2011-09-19,5559.34
2011-09-20,5656.02
2011-09-21,5666.73
2011-09-22,5453.29
2011-09-23,5395.93
2011-09-26,5344.97
2011-09-27,5475.03
2011-09-28,5444.22
2011-09-29,5495.14
2011-09-30,5431.79
2011-10-03,5329.21
2011-10-04,5247.95
2011-10-05,5218.18
2011-10-07,5343.95
2011-10-10,5431.27
2011-10-11,5436.69
2011-10-12,5555.11
2011-10-13,5541.07
2011-10-14,5585.27
2011-10-17,5575.85
2011-10-18,5493.07
2011-10-19,5589.13
2011-10-20,5541.11
2011-10-21,5496.7
2011-10-24,5526.77
2011-10-25,5602.01
2011-10-26,5626.1
2011-10-28,5777.31
2011-10-31,5758.67
2011-11-01,5697.06
2011-11-02,5698.0
2011-11-03,5709.46
2011-11-04,5739.53
2011-11-08,5742.55
2011-11-09,5666.26
2011-11-11,5603.14
2011-11-14,5567.14
2011-11-15,5461.14
2011-11-16,5418.14
2011-11-17,5321.59
2011-11-18,5286.51
2011-11-21,5162.96
2011-11-22,5193.09
2011-11-23,5083.16
2011-11-24,5141.49
2011-11-25,5113.3
2011-11-28,5246.28
2011-11-29,5197.73
2011-11-30,5207.62
2011-12-01,5299.72
2011-12-02,5413.82
2011-12-05,5407.86
2011-12-07,5425.37
2011-12-08,5306.74
2011-12-09,5234.41
2011-12-12,5125.41
2011-12-13,5147.35
2011-12-14,5105.65
2011-12-15,5083.26
2011-12-16,4984.55
2011-12-19,4924.25
2011-12-20,4842.64
2011-12-21,4975.02
2011-12-22,5020.94
2011-12-23,5001.86
2011-12-26,5061.02
2011-12-27,5028.8
2011-12-28,4979.44
2011-12-29,4929.55
2011-12-30,4916.08
2012-01-02,4922.6
2012-01-03,5057.03
2012-01-04,5049.18
2012-01-05,5050.71
2012-01-06,5050.4
2012-01-07,5054.33
2012-01-09,5059.22
2012-01-10,5174.15
2012-01-11,5201.68
2012-01-12,5190.59
2012-01-13,5231.33
2012-01-16,5239.6
2012-01-17,5330.96
2012-01-18,5306.1
2012-01-19,5374.66
2012-01-20,5403.11
2012-01-23,5403.06
2012-01-24,5491.03
2012-01-25,5539.36
2012-01-27,5585.26
2012-01-30,5463.12
2012-01-31,5583.02
2012-02-01,5630.73
2012-02-02,5670.52
2012-02-03,5727.85
2012-02-06,5780.67
2012-02-07,5742.38
2012-02-08,5788.78
2012-02-09,5843.21
2012-02-10,5824.09
2012-02-13,5833.32
2012-02-14,5867.13
2012-02-15,5993.3
2012-02-16,5999.38
2012-02-17,6037.88
2012-02-21,6083.74
2012-02-22,5937.96
2012-02-23,5913.47
2012-02-24,5861.03
2012-02-27,5697.54
2012-02-28,5825.4
2012-02-29,5848.67
2012-03-01,5805.23
2012-03-02,5819.92
2012-03-03,5821.95
2012-03-05,5739.16
2012-03-06,5679.24
2012-03-07,5673.22
2012-03-09,5799.08
2012-03-12,5835.48
2012-03-13,5907.22
2012-03-14,5941.94
2012-03-15,5850.93
2012-03-16,5783.04
2012-03-19,5716.34
2012-03-20,5743.83
2012-03-21,5844.99
2012-03-22,5700.62
2012-03-23,5751.15
2012-03-26,5654.02
2012-03-27,5705.11
2012-03-28,5651.2
2012-03-29,5645.28
2012-03-30,5778.58
2012-04-02,5813.0
2012-04-03,5862.68
2012-04-04,5834.08
2012-04-09,5740.59
2012-04-10,5744.45
2012-04-11,5720.77
2012-04-12,5771.71
2012-04-13,5707.38
2012-04-16,5730.89
2012-04-17,5792.98
2012-04-18,5806.57
2012-04-19,5831.08
2012-04-20,5785.11
2012-04-23,5687.37
2012-04-24,5699.91
2012-04-25,5675.67
2012-04-26,5657.72
2012-04-27,5654.94
2012-04-28,5676.81
2012-04-30,5719.56
2012-05-02,5709.96
2012-05-03,5651.62
2012-05-04,5545.12
2012-05-07,5578.07
2012-05-08,5465.33
2012-05-09,5425.83
2012-05-10,5420.29
2012-05-11,5377.45
2012-05-14,5348.26
2012-05-15,5383.85
2012-05-16,5299.73
2012-05-17,5310.3
2012-05-18,5323.96
2012-05-21,5344.98
2012-05-22,5297.58
2012-05-23,5268.81
2012-05-24,5350.13
2012-05-25,5358.28
2012-05-28,5427.41
2012-05-29,5427.5
2012-05-30,5376.44
2012-05-31,5367.52
2012-06-01,5283.66
2012-06-04,5282.29
2012-06-05,5298.42
2012-06-06,5430.76
2012-06-07,5483.87
2012-06-08,5503.87
2012-06-11,5490.51
2012-06-12,5549.38
2012-06-13,5553.28
2012-06-14,5484.8
2012-06-15,5560.97
2012-06-18,5483.88
2012-06-19,5518.37
2012-06-20,5547.86
2012-06-21,5599.01
2012-06-22,5587.59
2012-06-25,5561.87
2012-06-26,5573.5
2012-06-27,5596.69
2012-06-28,5606.48
2012-06-29,5738.04
2012-07-02,5752.15
2012-07-03,5773.85
2012-07-04,5797.16
2012-07-05,5832.31
2012-07-06,5815.06
2012-07-09,5760.27
2012-07-10,5831.32
2012-07-11,5796.9
2012-07-12,5735.17
2012-07-13,5725.2
2012-07-16,5696.45
2012-07-17,5680.54
2012-07-18,5705.03
2012-07-19,5729.78
2012-07-20,5699.08
2012-07-23,5608.88
2012-07-24,5623.51
2012-07-25,5600.2
2012-07-26,5519.67
2012-07-27,5553.73
2012-07-30,5658.81
2012-07-31,5689.6
2012-08-01,5711.31
2012-08-02,5707.53
2012-08-03,5694.03
2012-08-06,5753.96
2012-08-07,5801.24
2012-08-08,5795.31
2012-08-09,5779.93
2012-08-10,5775.56
2012-08-13,5811.91
2012-08-14,5843.28
2012-08-16,5827.79
2012-08-17,5829.37
2012-08-21,5876.66
2012-08-22,5865.26
2012-08-23,5863.48
2012-08-24,5833.16
2012-08-27,5790.56
2012-08-28,5764.91
2012-08-29,5719.68
2012-08-30,5746.76
2012-08-31,5701.84
2012-09-03,5699.38
2012-09-04,5727.48
2012-09-05,5682.66
2012-09-06,5698.26
2012-09-07,5794.77
2012-09-08,5815.71
2012-09-10,5825.41
2012-09-11,5848.55
2012-09-12,5884.12
2012-09-13,5884.17
2012-09-14,6007.46
2012-09-17,6055.02
2012-09-18,6065.95
2012-09-20,6021.98
2012-09-21,6156.37
2012-09-24,6149.25
2012-09-25,6162.3
2012-09-26,6159.01
2012-09-27,6159.22
2012-09-28,6223.06
2012-10-01,6248.93
2012-10-03,6271.93
2012-10-04,6326.99
2012-10-05,6283.49
2012-10-08,6217.15
2012-10-09,6249.47
2012-10-10,6186.04
2012-10-11,6250.03
2012-10-12,6225.87
2012-10-15,6233.74
2012-10-16,6190.38
2012-10-17,6201.47
2012-10-18,6267.29
2012-10-19,6231.98
2012-10-22,6258.24
2012-10-23,6232.86
2012-10-25,6244.5
2012-10-26,6191.82
2012-10-29,6184.56
2012-10-30,6114.24
2012-10-31,6148.86
2012-11-01,6186.05
2012-11-02,6236.35
2012-11-05,6238.21
2012-11-06,6261.73
2012-11-07,6304.37
2012-11-08,6290.47
2012-11-09,6234.91
2012-11-12,6249.38
2012-11-13,6247.78
2012-11-15,6218.86
2012-11-16,6155.39
2012-11-19,6136.25
2012-11-20,6124.06
2012-11-21,6165.65
2012-11-22,6184.5
2012-11-23,6187.73
2012-11-26,6214.63
2012-11-27,6309.83
2012-11-29,6405.96
2012-11-30,6465.86
2012-12-03,6479.45
2012-12-04,6502.17
2012-12-05,6516.89
2012-12-06,6555.71
2012-12-07,6533.67
2012-12-10,6544.25
2012-12-11,6522.59
2012-12-12,6513.77
2012-12-13,6464.29
2012-12-14,6498.55
2012-12-17,6491.86
2012-12-18,6538.72
2012-12-19,6576.7
2012-12-20,6564.4
2012-12-21,6482.11
2012-12-24,6494.87
2012-12-26,6545.51
2012-12-27,6510.55
2012-12-28,6554.75
2012-12-31,6561.87
2013-01-01,6621.03
2013-01-02,6666.27
2013-01-03,6689.51
2013-01-04,6701.0
2013-01-07,6683.61
2013-01-08,6692.62
2013-01-09,6661.92
2013-01-10,6652.83
2013-01-11,6609.88
2013-01-14,6690.9
2013-01-15,6721.61
2013-01-16,6650.66
2013-01-17,6683.81
2013-01-18,6701.36
2013-01-21,6718.01
2013-01-22,6671.44
2013-01-23,6661.59
2013-01-24,6591.13
2013-01-25,6663.88
2013-01-28,6666.48
2013-01-29,6633.97
2013-01-30,6637.28
2013-01-31,6634.78
2013-02-01,6608.15
2013-02-04,6585.55
2013-02-05,6550.49
2013-02-06,6556.73
2013-02-07,6522.41
2013-02-08,6480.27
2013-02-11,6474.03
2013-02-12,6491.27
2013-02-13,6488.71
2013-02-14,6436.06
2013-02-15,6432.36
2013-02-18,6450.13
2013-02-19,6502.07
2013-02-20,6503.83
2013-02-21,6397.81
2013-02-22,6397.86
2013-02-25,6383.84
2013-02-26,6280.65
2013-02-27,6323.66
2013-02-28,6198.24
2013-03-01,6229.92
2013-03-04,6188.94
2013-03-05,6284.24
2013-03-06,6327.79
2013-03-07,6370.86
2013-03-08,6452.74
2013-03-11,6453.58
2013-03-12,6419.89
2013-03-13,6348.1
2013-03-14,6404.49
2013-03-15,6366.35
2013-03-18,6332.11
2013-03-19,6232.82
2013-03-20,6156.96
2013-03-21,6112.45
2013-03-22,6101.23
2013-03-25,6081.57
2013-03-26,6087.66
2013-03-28,6148.26
2013-04-01,6186.03
2013-04-02,6245.85
2013-04-03,6174.43
2013-04-04,6066.04
2013-04-05,6049.49
2013-04-08,6041.87
2013-04-09,5989.54
2013-04-10,6049.16
2013-04-11,6079.13
2013-04-12,6030.25
2013-04-15,6062.58
2013-04-16,6175.48
2013-04-17,6181.34
2013-04-18,6271.49
2013-04-22,6337.53
2013-04-23,6334.75
2013-04-25,6406.71
2013-04-26,6361.47
2013-04-29,6401.95
2013-04-30,6430.9
2013-05-02,6504.78
2013-05-03,6455.0
2013-05-06,6491.76
2013-05-07,6563.83
2013-05-08,6587.26
2013-05-09,6564.15
2013-05-10,6610.48
2013-05-11,6625.08
2013-05-13,6500.34
2013-05-14,6518.01
2013-05-15,6668.38
2013-05-16,6695.1
2013-05-17,6718.54
2013-05-20,6683.64
2013-05-21,6636.87
2013-05-22,6607.3
2013-05-23,6471.07
2013-05-24,6495.21
2013-05-27,6593.3
2013-05-28,6623.8
2013-05-29,6609.41
2013-05-30,6625.94
2013-05-31,6502.47
2013-06-03,6471.69
2013-06-04,6462.34
2013-06-05,6467.86
2013-06-06,6465.38
2013-06-07,6420.57
2013-06-10,6397.44
2013-06-11,6293.93
2013-06-12,6255.65
2013-06-13,6182.9
2013-06-14,6292.36
2013-06-17,6336.52
2013-06-18,6313.16
2013-06-19,6329.95
2013-06-20,6160.34
2013-06-21,6147.39
2013-06-24,6043.8
2013-06-25,6050.09
2013-06-26,6030.01
2013-06-27,6114.89
2013-06-28,6277.73
2013-07-01,6362.81
2013-07-02,6322.22
2013-07-03,6225.59
2013-07-04,6289.54
2013-07-05,6315.8
2013-07-08,6267.69
2013-07-09,6322.15
2013-07-10,6284.17
2013-07-11,6389.64
2013-07-12,6452.31
2013-07-15,6488.25
2013-07-16,6406.0
2013-07-17,6407.99
2013-07-18,6479.41
2013-07-19,6459.04
2013-07-22,6456.87
2013-07-23,6498.28
2013-07-24,6397.24
2013-07-25,6319.02
2013-07-26,6285.39
2013-07-29,6219.91
2013-07-30,6124.51
2013-07-31,6109.86
2013-08-01,6074.32
2013-08-02,6019.93
2013-08-05,6031.75
2013-08-06,5879.75
2013-08-07,5879.46
2013-08-08,5930.39
2013-08-12,5990.61
2013-08-13,6086.76
2013-08-14,6131.24
2013-08-16,5897.1
2013-08-19,5796.21
2013-08-20,5777.38
2013-08-21,5681.15
2013-08-22,5774.59
2013-08-23,5840.98
2013-08-26,5856.18
2013-08-27,5669.34
2013-08-28,5651.37
2013-08-29,5770.62
2013-08-30,5831.25
2013-09-02,5914.21
2013-09-03,5716.38
2013-09-04,5816.37
2013-09-05,5957.06
2013-09-06,6036.03
2013-09-10,6237.55
2013-09-11,6273.78
2013-09-12,6213.34
2013-09-13,6219.72
2013-09-16,6206.48
2013-09-17,6211.73
2013-09-18,6259.12
2013-09-19,6469.18
2013-09-20,6374.62
2013-09-23,6265.46
2013-09-24,6268.47
2013-09-25,6258.6
2013-09-26,6265.96
2013-09-27,6229.07
2013-09-30,6139.75
2013-10-01,6182.91
2013-10-03,6308.34
2013-10-04,6313.23
2013-10-07,6322.54
2013-10-08,6341.66
2013-10-09,6419.91
2013-10-10,6440.93
2013-10-11,6502.92
2013-10-14,6522.67
2013-10-15,6485.76
2013-10-17,6448.99
2013-10-18,6581.65
2013-10-21,6615.33
2013-10-22,6625.74
2013-10-23,6604.96
2013-10-24,6590.36
2013-10-25,6563.9
2013-10-28,6512.87
2013-10-29,6630.78
2013-10-30,6663.25
2013-10-31,6720.89
2013-11-01,6746.28
2013-11-03,6770.26
2013-11-05,6725.77
2013-11-06,6693.2
2013-11-07,6647.97
2013-11-08,6611.57
2013-11-11,6547.83
2013-11-12,6487.68
2013-11-13,6456.05
2013-11-14,6533.65
2013-11-18,6660.31
2013-11-19,6675.98
2013-11-20,6603.6
2013-11-21,6480.3
2013-11-22,6481.23
2013-11-25,6598.14
2013-11-26,6546.54
2013-11-27,6547.53
2013-11-28,6588.04
2013-11-29,6673.85
2013-12-02,6721.81
2013-12-03,6709.93
2013-12-04,6666.03
2013-12-05,6736.66
2013-12-06,6758.75
2013-12-09,6853.1
2013-12-10,6820.53
2013-12-11,6795.07
2013-12-12,6732.06
2013-12-13,6655.76
2013-12-16,6655.66
2013-12-17,6645.22
2013-12-18,6731.12
2013-12-19,6690.46
2013-12-20,6803.87
2013-12-23,6827.93
2013-12-24,6824.11
2013-12-26,6840.5
2013-12-27,6878.08
2013-12-30,6857.48
2013-12-31,6878.29
2014-01-01,6887.24
2014-01-02,6786.1
2014-01-03,6788.46
2014-01-06,6780.61
2014-01-07,6745.94
2014-01-08,6764.54
2014-01-09,6745.79
2014-01-10,6737.11
2014-01-13,6815.5
2014-01-14,6788.63
2014-01-15,6857.22
2014-01-16,6845.55
2014-01-17,6775.43
2014-01-20,6827.89
2014-01-21,6839.92
2014-01-22,6864.83
2014-01-23,6864.49
2014-01-24,6771.18
2014-01-27,6616.01
2014-01-28,6609.08
2014-01-29,6609.07
2014-01-30,6545.5
2014-01-31,6594.58
2014-02-03,6510.11
2014-02-04,6515.69
2014-02-05,6542.91
2014-02-06,6556.21
2014-02-07,6585.49
2014-02-10,6572.99
2014-02-11,6583.15
2014-02-12,6600.76
2014-02-13,6514.42
2014-02-14,6553.39
2014-02-17,6572.01
2014-02-18,6629.78
2014-02-19,6659.76
2014-02-20,6609.12
2014-02-21,6674.15
2014-02-24,6702.71
2014-02-25,6717.8
2014-02-26,6749.31
2014-02-28,6795.74
2014-03-03,6751.13
2014-03-04,6831.34
2014-03-05,6870.18
2014-03-06,6951.88
2014-03-07,7056.66
2014-03-10,7074.34
2014-03-11,7047.77
2014-03-12,7050.3
2014-03-13,7020.17
2014-03-14,7026.32
2014-03-18,7059.74
2014-03-19,7072.1
2014-03-20,7030.99
2014-03-21,7053.74
2014-03-22,7062.8
2014-03-24,7138.38
2014-03-25,7154.56
2014-03-26,7171.59
2014-03-27,7217.12
2014-03-28,7295.57
2014-03-31,7327.4
2014-04-01,7338.75
2014-04-02,7394.17
2014-04-03,7369.21
2014-04-04,7341.39
2014-04-07,7341.0
2014-04-09,7454.65
2014-04-10,7473.07
2014-04-11,7458.11
2014-04-15,7402.66
2014-04-16,7335.68
2014-04-17,7448.49
2014-04-21,7499.71
2014-04-22,7498.92
2014-04-23,7521.16
2014-04-25,7473.76
2014-04-28,7463.76
2014-04-29,7414.05
2014-04-30,7371.39
2014-05-02,7378.9
2014-05-05,7378.04
2014-05-06,7396.44
2014-05-07,7339.93
2014-05-08,7345.23
2014-05-09,7540.68
2014-05-12,7686.36
2014-05-13,7802.56
2014-05-14,7832.12
2014-05-15,7827.44
2014-05-16,7936.28
2014-05-19,8085.95
2014-05-20,8125.76
2014-05-21,8127.66
2014-05-22,8196.42
2014-05-23,8311.92
2014-05-26,8256.0
2014-05-27,8200.44
2014-05-28,8224.4
2014-05-29,8138.03
2014-05-30,8147.0
2014-06-02,8299.83
2014-06-03,8368.85
2014-06-04,8391.36
2014-06-05,8489.06
2014-06-06,8620.59
2014-06-09,8714.42
2014-06-10,8708.35
2014-06-11,8653.61
2014-06-12,8677.99
2014-06-13,8521.43
2014-06-16,8520.94
2014-06-17,8637.18
2014-06-18,8560.63
2014-06-19,8532.42
2014-06-20,8495.74
2014-06-23,8494.82
2014-06-24,8601.62
2014-06-25,8603.62
2014-06-26,8534.36
2014-06-27,8557.4
2014-06-30,8687.05
2014-07-01,8723.15
2014-07-02,8831.62
2014-07-03,8821.35
2014-07-04,8868.56
2014-07-07,8903.24
2014-07-08,8664.45
2014-07-09,8597.72
2014-07-10,8600.03
2014-07-11,8440.86
2014-07-14,8440.72
2014-07-15,8549.68
2014-07-16,8663.38
2014-07-17,8709.73
2014-07-18,8717.13
2014-07-21,8740.0
2014-07-22,8812.04
2014-07-23,8826.35
2014-07-24,8852.77
2014-07-25,8784.93
2014-07-28,8746.33
2014-07-30,8792.88
2014-07-31,8739.55
2014-08-01,8622.98
2014-08-04,8713.67
2014-08-05,8786.0
2014-08-06,8711.58
2014-08-07,8683.68
2014-08-08,8570.6
2014-08-11,8634.17
2014-08-12,8731.3
2014-08-13,8707.64
2014-08-14,8776.48
2014-08-18,8887.25
2014-08-19,8936.53
2014-08-20,8926.7
2014-08-21,8952.73
2014-08-22,8971.19
2014-08-25,8943.08
2014-08-26,8937.43
2014-08-27,8976.09
2014-08-28,8984.16
2014-09-01,9093.92
2014-09-02,9158.94
2014-09-03,9206.14
2014-09-04,9184.54
2014-09-05,9185.85
2014-09-08,9293.44
2014-09-09,9292.25
2014-09-10,9240.24
2014-09-11,9261.27
2014-09-12,9286.77
2014-09-15,9240.76
2014-09-16,9058.72
2014-09-17,9103.02
2014-09-18,9270.06
2014-09-19,9272.59
2014-09-22,9294.45
2014-09-23,9136.61
2014-09-24,9098.0
2014-09-25,8965.36
2014-09-26,9040.84
2014-09-29,9057.52
2014-09-30,9067.95
2014-10-01,9043.0
2014-10-07,8939.53
2014-10-08,8927.98
2014-10-09,9068.96
2014-10-10,8947.3
2014-10-13,8978.49
2014-10-14,8960.8
2014-10-16,8801.24
2014-10-17,8843.4
2014-10-20,8956.05
2014-10-22,9100.31
2014-10-23,9138.0
2014-10-27,9103.59
2014-10-28,9140.73
2014-10-29,9209.85
2014-10-30,9290.05
2014-10-31,9454.01
2014-11-03,9480.57
2014-11-05,9493.98
2014-11-07,9504.13
2014-11-10,9513.79
2014-11-11,9549.65
2014-11-12,9584.31
2014-11-13,9550.93
2014-11-14,9596.48
2014-11-17,9653.19
2014-11-18,9669.61
2014-11-19,9613.58
2014-11-20,9625.77
2014-11-21,9683.73
2014-11-24,9731.16
2014-11-25,9631.76
2014-11-26,9652.93
2014-11-27,9680.99
2014-11-28,9783.89
2014-12-01,9755.59
2014-12-02,9752.27
2014-12-03,9808.68
2014-12-04,9844.32
2014-12-05,9811.48
2014-12-08,9697.8
2014-12-09,9571.11
2014-12-10,9611.67
2014-12-11,9539.12
2014-12-12,9448.06
2014-12-16,9229.87
2014-12-17,9184.17
2014-12-18,9371.9
2014-12-19,9434.9
2014-12-22,9539.55
2014-12-23,9926.87
2014-12-24,9407.26
2014-12-26,9441.52
2014-12-29,9503.45
2014-12-30,9524.9
2014-12-31,9581.34
2015-01-01,9598.91
2015-01-05,9699.88
2015-01-06,9416.03
2015-01-07,9399.28
2015-01-08,9555.56
2015-01-09,9594.54
2015-01-12,9639.87
2015-01-13,9620.57
2015-01-14,9600.47
2015-01-15,9813.17
2015-01-16,9847.05
2015-01-19,9890.46
2015-01-20,10015.63
2015-01-21,10042.43
2015-01-22,10074.48
2015-01-23,10142.97
2015-01-27,10226.56
2015-01-28,10244.29
2015-01-29,10267.05
2015-01-30,10138.98
2015-02-02,10147.78
2015-02-03,10097.62
2015-02-04,10057.71
2015-02-05,10012.35
2015-02-06,9945.69
2015-02-09,9794.2
2015-02-10,9847.33
2015-02-11,9949.25
2015-02-12,10057.44
2015-02-13,10153.7
2015-02-16,10152.18
2015-02-18,10229.29
2015-02-19,10249.54
2015-02-20,10202.2
2015-02-23,10114.67
2015-02-24,10113.38
2015-02-25,10110.01
2015-02-26,10015.71
2015-02-27,10203.63
2015-03-02,10330.82
2015-03-03,10400.17
2015-03-04,10307.6
2015-03-05,10340.92
2015-03-09,10154.48
2015-03-10,10112.31
2015-03-11,10091.02
2015-03-12,10198.91
2015-03-13,10053.55
2015-03-16,10023.88
2015-03-17,10130.21
2015-03-18,10106.25
2015-03-19,10049.17
2015-03-20,9956.34
2015-03-23,9912.99
2015-03-24,9896.27
2015-03-25,9879.37
2015-03-26,9700.53
2015-03-27,9701.07
2015-03-30,9875.89
2015-03-31,9887.49
2015-04-01,10003.75
2015-04-06,10098.11
2015-04-07,10123.12
2015-04-08,10192.91
2015-04-09,10250.2
2015-04-10,10267.29
2015-04-13,10324.17
2015-04-15,10236.29
2015-04-16,10178.49
2015-04-17,10051.65
2015-04-20,9859.19
2015-04-21,9788.31
2015-04-22,9830.82
2015-04-23,9808.77
2015-04-24,9673.29
2015-04-27,9527.82
2015-04-28,9628.12
2015-04-29,9609.77
2015-04-30,9564.36
2015-05-04,9739.69
2015-05-05,9747.19
2015-05-06,9467.63
2015-05-07,9376.9
2015-05-08,9538.38
2015-05-11,9694.5
2015-05-12,9482.51
2015-05-13,9611.51
2015-05-14,9634.7
2015-05-15,9677.61
2015-05-18,9796.46
2015-05-19,9794.77
2015-05-20,9844.0
2015-05-21,9836.48
2015-05-22,9872.96
2015-05-25,9797.42
2015-05-26,9768.32
2015-05-27,9760.51
2015-05-28,9737.98
2015-05-29,9868.59
2015-06-01,9865.82
2015-06-02,9641.74
2015-06-03,9511.21
2015-06-04,9517.88
2015-06-05,9514.12
2015-06-08,9415.62
2015-06-09,9389.5
2015-06-10,9500.81
2015-06-11,9326.67
2015-06-12,9339.38
2015-06-15,9377.28
2015-06-16,9415.24
2015-06-17,9491.85
2015-06-18,9586.32
2015-06-19,9641.75
2015-06-22,9790.85
2015-06-23,9823.28
2015-06-24,9788.59
2015-06-25,9831.17
2015-06-26,9818.83
2015-06-29,9726.77
2015-06-30,9802.54
2015-07-01,9909.28
2015-07-02,9927.84
2015-07-03,9957.17
2015-07-06,10013.85
2015-07-07,10024.95
2015-07-08,9867.12
2015-07-09,9835.66
2015-07-10,9865.53
2015-07-13,9980.78
2015-07-14,9986.39
2015-07-15,10054.51
2015-07-16,10157.06
2015-07-17,10173.33
2015-07-20,10175.8
2015-07-21,10064.48
2015-07-22,10177.79
2015-07-23,10151.24
2015-07-24,10073.94
2015-07-27,9903.9
2015-07-28,9876.24
2015-07-29,9931.19
2015-07-30,9996.91
2015-07-31,10120.91
2015-08-03,10154.0
2015-08-04,10164.71
2015-08-05,10235.96
2015-08-06,10258.9
2015-08-07,10234.05
2015-08-10,10196.68
2015-08-11,10116.52
2015-08-12,9953.2
2015-08-13,9939.75
2015-08-14,10133.82
2015-08-17,10114.36
2015-08-18,10125.33
2015-08-19,10153.09
2015-08-20,9998.16
2015-08-21,9918.45
2015-08-24,9252.89
2015-08-25,9361.37
2015-08-26,9281.45
2015-08-27,9486.78
2015-08-28,9540.86
2015-08-31,9505.16
2015-09-01,9297.72
2015-09-02,9232.0
2015-09-03,10396.83
2015-09-04,9155.92
2015-09-07,9017.5
2015-09-08,9136.83
2015-09-09,9301.49
2015-09-10,9276.47
2015-09-11,9286.55
2015-09-14,9388.22
2015-09-15,9332.24
2015-09-16,9373.41
2015-09-18,9466.87
2015-09-21,9481.73
2015-09-22,9312.66
2015-09-23,9349.05
2015-09-24,9377.55
2015-09-28,9306.77
2015-09-29,9346.81
2015-09-30,9480.55
2015-10-01,9492.51
2015-10-05,9684.52
2015-10-06,9726.72
2015-10-07,9751.14
2015-10-08,9691.27
2015-10-09,9742.04
2015-10-12,9703.38
2015-10-13,9696.59
2015-10-14,9680.23
2015-10-15,9748.72
2015-10-16,9804.45
2015-10-19,9857.81
2015-10-20,9857.0
2015-10-21,9841.37
2015-10-23,9867.08
2015-10-26,9823.68
2015-10-27,9806.26
2015-10-28,9746.17
2015-10-29,9684.34
2015-10-30,9636.66
2015-11-02,9622.86
2015-11-03,9643.16
2015-11-04,9623.24
2015-11-05,9510.24
2015-11-06,9493.72
2015-11-09,9481.42
2015-11-10,9332.9
2015-11-11,9402.41
2015-11-13,9318.83
2015-11-16,9354.46
2015-11-17,9396.36
2015-11-18,9291.76
2015-11-19,9416.15
2015-11-20,9446.3
2015-11-23,9446.05
2015-11-24,9436.95
2015-11-26,9488.07
2015-11-27,9548.02
2015-11-30,9546.85
2015-12-01,9584.54
2015-12-02,9566.42
2015-12-03,10466.19
2015-12-04,9402.35
2015-12-07,9390.87
2015-12-08,9302.78
2015-12-09,9174.59
2015-12-10,9258.74
2015-12-11,9174.77
2015-12-14,9220.65
2015-12-15,9283.7
2015-12-16,9331.86
2015-12-17,9455.03
2015-12-18,9382.34
2015-12-21,9464.06
2015-12-22,9418.08
2015-12-23,9499.91
2015-12-24,9505.68
2015-12-28,9568.39
2015-12-29,9574.92
2015-12-30,9546.61
2015-12-31,9602.77
2016-01-01,9643.99
2016-01-04,9468.57
2016-01-05,9481.03
2016-01-06,9435.52
2016-01-07,9205.9
2016-01-08,9268.72
2016-01-11,9213.09
2016-01-12,9146.77
2016-01-13,9161.79
2016-01-14,9107.85
2016-01-15,8942.51
2016-01-18,8780.81
2016-01-19,8889.65
2016-01-20,8733.38
2016-01-21,8700.16
2016-01-22,8878.15
2016-01-25,8904.06
2016-01-27,8915.95
2016-01-28,8898.25
2016-01-29,9054.56
2016-02-01,9058.07
2016-02-02,8931.05
2016-02-03,8808.54
2016-02-04,8837.23
2016-02-05,8958.55
2016-02-08,8871.81
2016-02-09,8871.81
2016-02-10,8646.6
2016-02-11,8349.07
2016-02-12,8335.11
2016-02-15,8571.9
2016-02-16,8415.34
2016-02-17,8475.05
2016-02-18,8559.09
2016-02-19,8575.69
2016-02-22,8609.89
2016-02-23,8477.03
2016-02-24,8375.37
2016-02-25,8313.56
2016-02-26,8365.55
2016-02-29,8332.74
2016-03-01,8604.49
2016-03-02,8771.84
2016-03-03,8888.13
2016-03-04,8918.06
2016-03-08,8924.33
2016-03-09,8969.22
2016-03-10,8923.31
2016-03-11,8945.44
2016-03-14,8985.75
2016-03-15,8899.93
2016-03-16,8924.51
2016-03-17,8954.2
2016-03-18,9050.8
2016-03-21,9172.29
2016-03-22,9190.09
2016-03-23,9197.92
2016-03-28,9070.68
2016-03-29,9053.97
2016-03-30,9217.77
2016-03-31,9239.91
2016-04-01,9230.33
2016-04-04,9279.22
2016-04-05,9105.55
2016-04-06,9133.81
2016-04-07,9064.78
2016-04-08,9088.91
2016-04-11,9209.2
2016-04-12,9265.74
2016-04-13,9416.66
2016-04-18,9502.13
2016-04-20,9513.99
2016-04-21,9501.07
2016-04-25,9442.59
2016-04-26,9551.53
2016-04-27,9572.88
2016-04-28,9428.01
2016-04-29,9435.76
2016-05-02,9423.72
2016-05-03,9356.97
2016-05-04,9286.59
2016-05-05,9309.91
2016-05-06,9316.37
2016-05-09,9457.71
2016-05-10,9477.86
2016-05-11,9443.08
2016-05-12,9511.69
2016-05-13,9427.83
2016-05-16,9465.01
2016-05-17,9495.73
2016-05-18,9484.05
2016-05-19,9376.54
2016-05-20,9328.71
2016-05-23,9303.2
2016-05-24,9307.99
2016-05-25,9491.68
2016-05-26,9632.58
2016-05-27,9735.44
2016-05-30,9780.39
2016-05-31,9757.09
2016-06-01,9773.46
2016-06-02,9822.02
2016-06-03,9817.42
2016-06-06,9803.71
2016-06-07,9878.13
2016-06-08,9903.42
2016-06-09,9846.97
2016-06-10,9810.16
2016-06-13,9742.85
2016-06-14,9755.44
2016-06-15,9857.68
2016-06-16,9800.31
2016-06-17,9832.76
2016-06-20,9903.04
2016-06-21,9895.69
2016-06-22,9875.46
2016-06-23,9932.83
2016-06-24,9738.76
2016-06-27,9779.32
2016-06-28,9828.26
2016-06-29,9932.52
2016-06-30,10038.72
2016-07-01,10106.39
2016-07-04,10170.08
2016-07-05,10140.15
2016-07-07,10140.75
2016-07-11,10287.57
2016-07-12,10346.5
2016-07-13,10324.9
2016-07-14,10380.92
2016-07-15,10356.16
2016-07-18,10310.86
2016-07-19,10334.2
2016-07-20,10396.66
2016-07-21,10348.6
2016-07-22,10407.43
2016-07-25,10521.16
2016-07-26,10470.3
2016-07-27,10510.63
2016-07-28,10573.41
2016-07-29,10561.52
2016-08-01,10568.94
2016-08-02,10535.22
2016-08-03,10422.98
2016-08-04,10445.76
2016-08-05,10613.15
2016-08-08,10662.78
2016-08-09,10620.56
2016-08-10,10489.53
2016-08-11,10508.13
2016-08-12,10592.38
2016-08-16,10580.58
2016-08-17,10587.03
2016-08-18,10657.76
2016-08-19,10668.85
2016-08-22,10620.31
2016-08-23,10614.65
2016-08-24,10652.63
2016-08-25,10591.34
2016-08-26,10578.8
2016-08-29,10616.61
2016-08-30,10762.82
2016-08-31,10806.57
2016-09-01,10783.22
2016-09-02,10828.03
2016-09-06,10987.6
2016-09-07,10977.35
2016-09-08,11031.31
2016-09-09,10934.44
2016-09-12,10711.08
2016-09-14,10761.82
2016-09-15,10774.29
2016-09-16,10809.89
2016-09-19,10848.36
2016-09-20,10814.57
2016-09-21,10816.63
2016-09-22,10934.35
2016-09-23,10908.2
2016-09-26,10799.68
2016-09-27,10785.62
2016-09-28,10850.58
2016-09-29,10593.47
2016-09-30,10677.17
2016-10-03,10875.55
2016-10-04,10926.73
2016-10-05,10923.61
2016-10-06,10882.81
2016-10-07,10868.26
2016-10-10,10876.24
2016-10-13,10711.11
2016-10-14,10742.18
2016-10-17,10662.27
2016-10-18,10846.76
2016-10-19,10840.51
2016-10-20,10885.44
2016-10-21,10894.59
2016-10-24,10909.63
2016-10-25,10895.14
2016-10-26,10801.6
2016-10-27,10766.87
2016-10-28,10827.51
2016-10-30,10838.16
2016-11-01,10840.63
2016-11-02,10681.16
2016-11-03,10615.1
2016-11-04,10514.13
2016-11-07,10596.79
2016-11-08,10647.68
2016-11-09,10476.32
2016-11-10,10613.46
2016-11-11,10301.51
2016-11-15,9997.97
2016-11-16,10015.13
2016-11-17,9979.69
2016-11-18,9987.01
2016-11-21,9774.59
2016-11-22,9881.29
2016-11-23,9949.77
2016-11-24,9884.6
2016-11-25,10062.8
2016-11-28,10095.55
2016-11-29,10124.8
2016-11-30,10234.35
2016-12-01,10177.82
2016-12-02,10043.45
2016-12-05,10096.81
2016-12-06,10121.9
2016-12-07,10077.97
2016-12-08,10248.68
2016-12-09,10265.87
2016-12-12,10153.18
2016-12-13,10185.2
2016-12-14,10126.36
2016-12-15,10104.17
2016-12-16,10085.73
2016-12-19,10037.83
2016-12-20,9986.84
2016-12-21,9969.41
2016-12-22,9854.23
2016-12-23,9852.15
2016-12-26,9721.39
2016-12-27,9876.88
2016-12-28,9899.09
2016-12-29,9997.47
2016-12-30,10094.85
2017-01-02,10123.34
2017-01-03,10161.31
2017-01-04,10164.18
2017-01-05,10274.27
2017-01-06,10239.86
2017-01-09,10242.8
2017-01-10,10310.82
2017-01-11,10429.31
2017-01-12,10454.92
2017-01-13,10449.78
2017-01-16,10478.18
2017-01-17,10471.94
2017-01-18,10508.63
2017-01-19,10536.58
2017-01-20,10413.7
2017-01-23,10472.13
2017-01-24,10577.27
2017-01-25,10725.46
2017-01-27,10779.67
2017-01-30,10775.29
2017-01-31,10670.2
2017-02-01,10868.72
2017-02-02,10915.19
2017-02-03,10948.15
2017-02-06,11032.65
2017-02-07,10997.99
2017-02-08,11014.74
2017-02-09,11031.66
2017-02-10,11042.84
2017-02-13,11036.99
2017-02-14,11005.74
2017-02-15,10900.88
2017-02-16,10999.92
2017-02-17,11056.0
2017-02-20,11133.95
2017-02-21,11182.31
2017-02-22,11177.65
2017-02-23,11189.56
2017-02-27,11157.29
2017-02-28,11163.36
2017-03-01,11231.97
2017-03-02,11140.71
2017-03-03,11147.37
2017-03-06,11218.66
2017-03-07,11204.1
2017-03-08,11168.87
2017-03-09,11168.87
2017-03-10,11170.19
2017-03-14,11356.47
2017-03-15,11384.09
2017-03-16,11493.89
2017-03-17,11500.5
2017-03-20,11479.48
2017-03-21,11465.92
2017-03-22,11351.31
2017-03-23,11432.1
2017-03-24,11463.91
2017-03-27,11406.27
2017-03-28,11474.12
2017-03-29,11524.0
2017-03-30,11570.97
2017-03-31,11598.64
2017-04-03,11682.97
2017-04-05,11743.79
2017-04-06,11739.48
2017-04-07,11671.65
2017-04-10,11681.59
2017-04-11,11765.68
2017-04-12,11724.71
2017-04-13,11675.46
2017-04-17,11672.13
2017-04-18,11614.84
2017-04-19,11641.62
2017-04-20,11702.74
2017-04-21,11694.87
2017-04-24,11810.46
2017-04-25,11925.73
2017-04-26,11946.26
2017-04-27,11933.7
2017-04-28,11922.34
2017-05-02,11947.1
2017-05-03,11941.79
2017-05-04,11997.72
2017-05-05,11892.47
2017-05-08,11940.13
2017-05-09,11964.27
2017-05-10,12076.73
2017-05-11,12092.43
2017-05-12,12046.32
2017-05-15,12121.96
2017-05-16,12191.43
2017-05-17,12188.16
2017-05-18,12018.59
2017-05-19,11988.17
2017-05-22,11954.77
2017-05-23,11844.59
2017-05-24,11769.1
2017-05-25,11954.03
2017-05-26,12098.08
2017-05-29,12052.09
2017-05-30,12094.79
2017-05-31,12126.75
2017-06-01,12156.89
2017-06-02,12214.26
2017-06-05,12265.93
2017-06-06,12209.98
2017-06-07,12259.85
2017-06-08,12256.9
2017-06-09,12291.3
2017-06-12,12227.8
2017-06-13,12230.09
2017-06-14,12248.8
2017-06-15,12219.65
2017-06-16,12236.16
2017-06-19,12296.81
2017-06-20,12301.38
2017-06-21,12286.83
2017-06-22,12260.63
2017-06-23,12160.56
2017-06-27,12059.45
2017-06-28,12051.06
2017-06-29,12087.21
2017-06-30,12132.6
2017-07-03,12256.66
2017-07-04,12248.49
2017-07-05,12308.36
2017-07-06,12357.06
2017-07-07,12353.91
2017-07-10,12467.15
2017-07-11,12450.31
2017-07-12,12510.04
2017-07-13,12605.02
2017-07-14,12602.51
2017-07-17,12630.61
2017-07-18,12529.82
2017-07-19,12635.56
2017-07-20,12608.51
2017-07-21,12650.08
2017-07-24,12700.14
2017-07-25,12711.74
2017-07-26,12767.9
2017-07-27,12753.12
2017-07-28,12768.97
2017-07-31,12837.04
2017-08-01,12865.27
2017-08-02,12829.26
2017-08-03,12745.7
2017-08-04,12814.73
2017-08-07,12814.73
2017-08-08,12743.25
2017-08-09,12612.37
2017-08-10,12409.81
2017-08-11,12311.4
2017-08-14,12478.55
2017-08-16,12616.44
2017-08-17,12627.5
2017-08-18,12556.61
2017-08-21,12432.66
2017-08-22,12418.09
2017-08-23,12543.72
2017-08-24,12576.34
2017-08-28,12669.7
2017-08-29,12526.74
2017-08-30,12660.32
2017-08-31,12707.41
2017-09-01,12795.51
2017-09-04,12715.31
2017-09-05,12784.41
2017-09-06,12762.86
2017-09-07,12801.05
2017-09-08,12790.55
2017-09-11,12881.49
2017-09-12,12998.27
2017-09-13,12963.96
2017-09-14,12992.19
2017-09-15,12996.37
2017-09-18,13084.03
2017-09-19,13091.41
2017-09-20,13072.23
2017-09-21,13033.09
2017-09-22,12779.76
2017-09-25,12633.98
2017-09-26,12657.77
2017-09-27,12462.32
2017-09-28,12515.16
2017-09-29,12577.95
2017-10-03,12669.17
2017-10-04,12734.23
2017-10-05,12733.64
2017-10-06,12852.04
2017-10-09,12867.94
2017-10-10,12923.71
2017-10-11,12859.33
2017-10-12,13002.13
2017-10-13,13071.12
2017-10-16,13141.38
2017-10-17,13166.39
2017-10-18,13140.53
2017-10-19,13071.76
2017-10-23,13123.33
2017-10-24,13153.91
2017-10-25,13259.23
2017-10-26,13320.16
2017-10-27,13316.83
2017-10-30,13405.52
2017-10-31,13394.75
2017-11-01,13515.96
2017-11-02,13520.5
2017-11-03,13556.06
2017-11-06,13574.58
2017-11-07,13423.23
2017-11-08,13347.31
2017-11-09,13390.89
2017-11-10,13403.43
2017-11-13,13297.47
2017-11-14,13252.24
2017-11-15,13138.35
2017-11-16,13272.37
2017-11-17,13377.94
2017-11-20,13414.42
2017-11-21,13448.92
2017-11-22,13463.99
2017-11-23,13481.09
2017-11-24,13537.67
2017-11-27,13569.12
2017-11-28,13549.81
2017-11-29,13535.77
2017-11-30,13403.72
2017-12-01,13265.94
2017-12-04,13264.38
2017-12-05,13260.34
2017-12-06,13160.7
2017-12-07,13328.38
2017-12-08,13456.52
2017-12-11,13517.03
2017-12-12,13406.62
2017-12-13,13326.52
2017-12-14,13373.19
2017-12-15,13494.85
2017-12-18,13574.2
2017-12-19,13705.34
2017-12-20,13709.78
2017-12-21,13745.34
2017-12-22,13809.42
2017-12-26,13866.27
2017-12-27,13819.26
2017-12-28,13815.8
2017-12-29,13896.02
2018-01-01,13813.81
2018-01-02,13789.42
2018-01-03,13820.88
2018-01-04,13918.1
2018-01-05,14017.23
2018-01-08,14113.6
2018-01-09,14115.81
2018-01-10,14100.89
2018-01-11,14129.78
2018-01-12,14151.61
2018-01-15,14202.3
2018-01-16,14074.53
2018-01-17,14182.88
2018-01-18,14125.75
2018-01-19,14237.54
2018-01-22,14332.39
2018-01-23,14464.05
2018-01-24,14429.98
2018-01-25,14365.84
2018-01-29,14379.96
2018-01-30,14268.94
2018-01-31,14203.09
2018-02-01,14188.25
2018-02-02,13782.37
2018-02-05,13686.64
2018-02-06,13461.63
2018-02-07,13486.61
2018-02-08,13662.65
2018-02-09,13558.03
2018-02-12,13700.66
2018-02-14,13668.94
2018-02-15,13668.38
2018-02-16,13540.46
2018-02-19,13429.56
2018-02-20,13417.24
2018-02-21,13442.27
2018-02-22,13402.06
2018-02-23,13567.59
2018-02-26,13686.8
2018-02-27,13642.21
2018-02-28,13585.49
2018-03-01,13531.83
2018-03-05,13400.93
2018-03-06,13260.12
2018-03-07,13109.11
2018-03-08,13202.82
2018-03-09,13181.83
2018-03-12,13380.35
2018-03-13,13434.83
2018-03-14,13425.47
2018-03-15,13399.61
2018-03-16,13214.46
2018-03-19,13052.85
2018-03-20,13100.23
2018-03-21,13142.31
2018-03-22,13077.48
2018-03-23,12926.25
2018-03-26,13093.19
2018-03-27,13187.9
2018-03-28,13090.98
2018-04-02,13254.74
2018-04-03,13330.03
2018-04-04,13184.34
2018-04-05,13435.15
2018-04-06,13473.25
2018-04-09,13521.92
2018-04-10,13542.43
2018-04-11,13559.63
2018-04-12,13583.7
2018-04-13,13613.67
2018-04-16,13677.8
2018-04-17,13705.74
2018-04-18,13678.25
2018-04-19,13744.05
2018-04-20,13731.17
2018-04-23,13769.15
2018-04-24,13794.14
2018-04-25,13735.0
2018-04-26,13781.25
2018-04-27,13872.77
2018-04-30,13950.42
2018-05-02,13874.76
2018-05-03,13792.81
2018-05-04,13721.0
2018-05-07,13837.1
2018-05-08,13838.65
2018-05-09,13837.48
2018-05-10,13752.47
2018-05-11,13833.86
2018-05-14,13795.05
2018-05-15,13760.15
2018-05-16,13705.45
2018-05-17,13670.14
2018-05-18,13530.24
2018-05-21,13382.6
2018-05-22,13436.94
2018-05-23,13325.63
2018-05-24,13392.87
2018-05-25,13459.37
2018-05-28,13684.63
2018-05-29,13630.69
2018-05-30,13607.75
2018-05-31,13705.62
2018-06-01,13617.21
2018-06-04,13501.53
2018-06-05,13405.29
2018-06-06,13545.67
2018-06-07,13684.5
2018-06-08,13708.4
2018-06-11,13732.15
2018-06-12,13811.73
2018-06-13,13811.78
2018-06-14,13781.18
2018-06-15,13781.18
2018-06-18,13725.35
2018-06-19,13601.84
2018-06-20,13663.75
2018-06-21,13612.8
2018-06-22,13695.9
2018-06-25,13604.24
2018-06-26,13600.44
2018-06-27,13453.85
2018-06-28,13318.37
2018-06-29,13503.29
2018-07-02,13424.54
2018-07-03,13484.25
2018-07-04,13551.84
2018-07-05,13514.84
2018-07-06,13556.77
2018-07-09,13681.04
2018-07-10,13801.46
2018-07-11,13780.83
2018-07-12,13837.41
2018-07-13,13791.0
2018-07-16,13618.67
2018-07-17,13743.72
2018-07-18,13677.65
2018-07-19,13638.18
2018-07-20,13712.17
2018-07-23,13827.88
2018-07-24,13955.93
2018-07-25,13955.58
2018-07-26,14015.05
2018-07-27,14150.32
2018-07-30,14209.48
2018-07-31,14257.02
2018-08-01,14258.89
2018-08-02,14168.71
2018-08-03,14312.09
2018-08-06,14347.97
2018-08-07,14341.27
2018-08-08,14400.66
2018-08-09,14438.0
2018-08-10,14372.06
2018-08-13,14272.7
2018-08-14,14382.48
2018-08-16,14322.64
2018-08-17,14447.62
2018-08-20,14551.95
2018-08-21,14585.85
2018-08-23,14601.32
2018-08-24,14571.39
2018-08-27,14731.17
2018-08-28,14771.29
2018-08-29,14753.44
2018-08-30,14756.03
2018-08-31,14782.95
2018-09-03,14678.85
2018-09-04,14507.89
2018-09-05,14446.48
2018-09-06,14524.31
2018-09-07,14612.84
2018-09-10,14414.37
2018-09-11,14218.49
2018-09-12,14299.56
2018-09-14,14495.36
2018-09-17,14353.62
2018-09-18,14202.83
2018-09-19,14132.44
2018-09-21,13954.55
2018-09-24,13684.55
2018-09-25,13773.66
2018-09-26,13772.06
2018-09-27,13624.1
2018-09-28,13496.26
2018-10-01,13569.58
2018-10-03,13408.52
2018-10-04,13109.67
2018-10-05,12769.28
2018-10-08,12736.21
2018-10-09,12677.49
2018-10-10,12952.18
2018-10-11,12681.39
2018-10-12,12979.75
2018-10-15,13046.23
2018-10-16,13167.29
2018-10-17,12967.17
2018-10-18,13167.29
2018-10-19,12792.53
2018-10-22,12698.2
2018-10-23,12570.25
2018-10-24,12667.65
2018-10-25,12553.87
2018-10-26,12470.57
2018-10-29,12756.66
2018-10-30,12742.59
2018-10-31,12969.63
2018-11-01,12999.37
2018-11-02,13187.43
2018-11-05,13156.88
2018-11-06,13145.64
2018-11-07,13145.64
2018-11-09,13258.69
2018-11-12,13129.95
2018-11-13,13225.78
2018-11-14,13222.75
2018-11-15,13273.53
2018-11-16,13330.69
2018-11-19,13418.97
2018-11-20,13282.16
2018-11-21,13252.75
2018-11-22,13161.85
2018-11-26,13256.78
2018-11-27,13317.44
2018-11-28,13331.32
2018-11-29,13462.63
2018-11-30,13503.06
2018-12-03,13529.42
2018-12-04,13513.95
2018-12-05,13384.98
2018-12-06,13168.2
2018-12-07,13253.29
2018-12-10,12999.73
2018-12-11,13111.79
2018-12-12,13373.36
2018-12-13,13455.91
2018-12-14,13161.85
2018-12-17,13569.56
2018-12-18,13604.26
2018-12-19,13707.21
2018-12-20,13688.88
2018-12-21,13466.86
2018-12-24,13348.09
2018-12-26,13406.24
2018-12-27,13461.24
2018-12-28,13573.23
2018-12-31,13599.13
2019-01-01,13640.46
2019-01-02,13500.3
2019-01-03,13368.91
2019-01-04,13428.43
2019-01-07,13467.36
2019-01-08,13493.29
2019-01-09,13536.01
2019-01-10,13524.03
2019-01-11,13492.62
2019-01-14,13423.32
2019-01-15,13580.01
2019-01-16,13582.44
2019-01-17,13587.51
2019-01-18,13555.85
2019-01-21,13578.37
2019-01-22,13542.55
2019-01-23,13450.22
2019-01-24,13458.48
2019-01-25,13343.0
2019-01-28,13168.57
2019-01-29,13167.46
2019-01-30,13181.18
2019-01-31,13357.8
2019-02-01,13435.65
2019-02-04,13414.64
2019-02-05,13402.62
2019-02-06,13531.56
2019-02-07,13571.96
2019-02-08,13410.58
2019-02-11,13309.39
2019-02-12,13249.12
2019-02-13,13193.76
2019-02-14,13167.36
2019-02-15,13105.54
2019-02-18,12998.01
2019-02-19,12980.1
2019-02-20,13133.49
2019-02-21,13218.92
2019-02-22,13245.74
2019-02-25,13340.9
2019-02-26,13295.32
2019-02-27,13285.19
2019-02-28,13303.2
2019-03-01,13424.34
2019-03-05,13626.72
2019-03-06,13711.14
2019-03-07,13703.58
2019-03-08,13682.38
2019-03-11,13882.22
2019-03-12,14023.67
2019-03-13,14038.41
2019-03-14,14036.92
2019-03-15,14115.72
2019-03-18,14141.44
2019-03-19,14221.02
2019-03-20,14195.69
2019-03-22,14120.15
2019-03-25,13988.74
2019-03-26,14138.82
2019-03-27,14123.69
2019-03-28,14272.79
2019-03-29,14364.59
2019-04-01,14421.49
2019-04-02,14449.48
2019-04-03,14356.79
2019-04-04,14309.63
2019-04-05,14396.45
2019-04-08,14321.35
2019-04-09,14385.8
2019-04-10,14304.29
2019-04-11,14321.82
2019-04-12,14381.36
2019-04-15,14443.67
2019-04-16,14540.12
2019-04-18,14476.63
2019-04-22,14270.2
2019-04-23,14251.64
2019-04-24,14400.64
2019-04-25,14313.53
2019-04-26,14404.12
2019-04-30,14366.33
2019-05-02,14326.52
2019-05-03,14307.21
2019-05-06,14170.39
2019-05-07,14051.08
2019-05-08,13886.83
2019-05-09,13826.96
2019-05-10,13812.96
2019-05-13,13619.29
2019-05-14,13697.17
2019-05-15,13619.46
2019-05-16,13711.21
2019-05-17,13871.89
2019-05-20,14380.78
2019-05-21,14242.53
2019-05-22,14281.87
2019-05-23,14214.3
2019-05-24,14466.44
2019-05-27,14589.9
2019-05-28,14606.28
2019-05-29,14519.5
2019-05-30,14606.29
2019-05-31,14591.01
2019-06-03,14766.71
2019-06-04,14702.41
2019-06-06,14475.15
2019-06-07,14495.06
2019-06-10,14539.75
2019-06-11,14598.2
2019-06-12,14516.16
2019-06-13,14521.38
2019-06-14,14406.49
2019-06-17,14218.31
2019-06-18,14229.85
2019-06-19,14192.79
2019-06-20,14380.25
2019-06-21,14284.21
2019-06-24,14258.15
2019-06-25,14360.63
2019-06-26,14435.08
2019-06-27,14449.59
2019-06-28,14398.8
2019-07-01,14481.11
2019-07-02,14528.7
2019-07-03,14547.48
2019-07-04,14579.18
2019-07-05,14401.47
2019-07-08,14090.09
2019-07-09,14102.22
2019-07-10,14019.84
2019-07-11,14122.25
2019-07-12,14109.72
2019-07-15,14128.3
2019-07-16,14220.97
2019-07-17,14242.02
2019-07-18,14115.05
2019-07-19,13896.06
2019-07-22,13813.05
2019-07-23,13793.16
2019-07-24,13689.15
2019-07-25,13690.06
2019-07-26,13740.26
2019-07-29,13616.28
2019-07-30,13459.9
2019-07-31,13522.1
2019-08-01,13362.08
2019-08-02,13379.19
2019-08-05,13211.96
2019-08-06,13341.72
2019-08-07,13246.28
2019-08-08,13436.18
2019-08-09,13536.4
2019-08-13,13304.77
2019-08-14,13429.64
2019-08-16,13456.71
2019-08-19,13473.78
2019-08-20,13414.23
2019-08-21,15290.85
2019-08-22,13061.91
2019-08-23,13168.84
2019-08-26,13429.74
2019-08-27,13516.01
2019-08-28,13439.14
2019-08-29,13342.2
2019-08-30,13449.3
2019-09-03,13186.84
2019-09-04,13232.93
2019-09-05,13252.79
2019-09-06,13363.98
2019-09-09,13442.01
2019-09-11,13506.72
2019-09-12,13457.64
2019-09-13,13561.51
2019-09-16,13499.13
2019-09-17,13266.59
2019-09-18,13302.38
2019-09-19,13136.23
2019-09-20,13831.67
2019-09-23,14215.41
2019-09-24,14197.74
2019-09-25,14002.03
2019-09-26,14151.32
2019-09-27,14079.08
2019-09-30,13997.16
2019-10-01,13840.55
2019-10-03,13783.58
2019-10-04,13623.62
2019-10-07,13547.24
2019-10-09,13752.94
2019-10-10,13655.23
2019-10-11,13728.17
2019-10-14,13774.96
2019-10-15,13866.69
2019-10-16,13908.64
2019-10-17,14082.13
2019-10-18,14214.37
2019-10-22,14167.96
2019-10-23,14191.33
2019-10-24,14159.98
2019-10-25,14150.16
2019-10-27,14221.03
2019-10-29,14401.1
2019-10-30,14475.42
2019-10-31,14539.09
2019-11-01,14560.64
2019-11-04,14603.78
2019-11-05,14546.54
2019-11-06,14587.66
2019-11-07,14653.33
2019-11-08,14531.75
2019-11-11,14550.59
2019-11-13,14457.92
2019-11-14,14482.84
2019-11-15,14508.27
2019-11-18,14510.92
2019-11-19,14561.55
2019-11-20,14625.8
2019-11-21,14577.67
2019-11-22,14528.11
2019-11-25,14712.37
2019-11-26,14653.52
2019-11-27,14733.2
2019-11-28,14814.01
2019-11-29,14729.77
2019-12-02,14706.31
2019-12-03,14624.06
2019-12-04,14682.49
2019-12-05,14645.76
2019-12-06,14513.39
2019-12-09,14516.42
2019-12-10,14402.73
2019-12-11,14464.04
2019-12-12,14546.39
2019-12-13,14685.18
2019-12-16,14639.27
2019-12-17,14756.84
2019-12-18,14806.69
2019-12-19,14848.8
2019-12-20,14868.41
2019-12-23,14856.94
2019-12-24,14813.0
2019-12-26,14736.19
2019-12-27,14873.5
2019-12-30,14897.54
2019-12-31,14819.29
2020-01-01,14843.29
2020-01-02,14980.54
2020-01-03,14922.99
2020-01-06,14631.41
2020-01-07,14718.47
2020-01-08,14698.65
2020-01-09,14926.45
2020-01-10,14977.61
2020-01-13,15074.41
2020-01-14,15124.47
2020-01-15,15141.31
2020-01-16,15175.81
2020-01-17,15188.79
2020-01-20,15049.24
2020-01-21,14991.99
2020-01-22,14931.11
2020-01-23,15043.86
2020-01-24,15138.19
2020-01-27,15011.93
2020-01-28,14947.9
2020-01-29,15026.51
2020-01-30,14891.25
2020-01-31,14804.57
2020-02-01,3581.29
2020-02-03,14488.18
2020-02-04,14792.21
2020-02-05,14939.95
2020-02-06,15019.88
2020-02-07,15014.96
2020-02-10,14932.29
2020-02-11,14994.85
2020-02-12,15070.16
2020-02-13,15041.87
2020-02-14,14956.99
2020-02-17,14855.22
2020-02-18,14789.34
2020-02-19,14977.03
2020-02-20,14959.29
2020-02-24,14659.13
2020-02-25,14609.32
2020-02-26,14959.29
2020-02-27,14391.08
2020-02-28,13875.34
2020-03-02,13790.7
2020-03-03,14014.65
2020-03-04,13915.97
2020-03-05,13950.63
2020-03-06,13620.08
2020-03-09,12976.14
2020-03-11,12956.35
2020-03-12,11879.69
2020-03-13,12273.34
2020-03-16,11418.53
2020-03-17,11156.98
2020-03-18,10545.38
2020-03-19,10243.87
2020-03-20,10774.99
2020-03-23,9400.96
2020-03-24,9588.01
2020-03-25,10128.06
2020-03-26,10535.69
2020-03-27,10550.2
2020-03-30,10167.46
2020-04-01,10186.74
2020-04-03,10000.86
2020-04-07,10770.05
2020-04-08,10788.81
2020-04-09,11210.95
2020-04-13,11088.47
2020-04-15,11064.34
2020-04-16,11166.67
2020-04-17,11471.14
2020-04-20,11471.44
2020-04-21,11141.94
2020-04-22,11349.73
2020-04-23,11487.6
2020-04-24,11288.98
2020-04-27,11455.42
2020-04-28,11558.67
2020-04-29,11747.42
2020-04-30,12072.43
2020-05-04,11445.71
2020-05-05,11335.14
2020-05-06,11414.15
2020-05-07,11331.86
2020-05-08,11378.76
2020-05-11,11385.39
2020-05-12,11331.93
2020-05-13,11551.54
2020-05-14,11321.91
2020-05-15,11306.13
2020-05-18,10916.21
2020-05-19,10975.77
2020-05-20,11190.26
2020-05-21,11256.18
2020-05-22,11173.94
2020-05-26,11186.72
2020-05-27,11444.46
2020-05-28,11650.41
2020-05-29,11793.53
2020-06-01,12092.03
2020-06-02,12268.95
2020-06-03,12369.15
2020-06-04,12343.37
2020-06-05,12514.41
2020-06-08,12551.5
2020-06-09,12422.12
2020-06-10,12505.4
2020-06-11,12270.08
2020-06-12,12359.8
2020-06-15,12193.99
2020-06-16,12293.24
2020-06-17,12275.42
2020-06-18,12491.6
2020-06-19,12674.39
2020-06-22,12799.59
2020-06-23,13002.86
2020-06-24,12814.6
2020-06-25,12820.09
2020-06-26,12909.57
2020-06-29,12803.28
2020-06-30,12783.45
2020-07-01,12904.08
2020-07-02,13050.9
2020-07-03,13123.96
2020-07-06,13304.7
2020-07-07,13356.96
2020-07-08,13258.49
2020-07-09,13366.65
2020-07-10,13309.97
2020-07-13,13341.27
2020-07-14,13129.11
2020-07-15,13124.91
2020-07-16,13243.11
2020-07-17,13437.95
2020-07-20,13573.78
2020-07-21,13702.98
2020-07-22,13666.9
2020-07-23,13770.13
2020-07-24,13727.72
2020-07-27,13635.55
2020-07-28,13812.2
2020-07-29,13743.53
2020-07-30,13648.72
2020-07-31,13654.79
2020-08-03,13499.05
2020-08-04,13715.13
2020-08-05,13738.57
2020-08-06,13862.69
2020-08-07,13907.39
2020-08-10,14013.13
2020-08-11,14047.06
2020-08-12,14037.7
2020-08-13,14077.17
2020-08-14,13935.92
2020-08-17,14017.08
2020-08-18,14189.88
2020-08-19,14237.02
2020-08-20,14171.02
2020-08-21,14254.38
2020-08-24,14367.48
2020-08-25,14383.96
2020-08-26,14474.1
2020-08-27,14494.78
2020-08-28,14586.35
2020-08-31,14179.34
2020-09-01,14285.55
2020-09-02,14402.98
2020-09-03,14427.92
2020-09-04,14190.8
2020-09-07,14192.59
2020-09-08,14118.09
2020-09-09,14058.29
2020-09-10,14255.36
2020-09-11,14295.07
2020-09-14,14366.63
2020-09-15,14488.25
2020-09-16,14578.07
2020-09-17,14479.79
2020-09-18,14468.91
2020-09-21,14096.2
2020-09-22,13946.28
2020-09-23,13916.67
2020-09-24,13538.89
2020-09-25,13858.78
2020-09-28,14122.42
2020-09-29,14106.45
2020-09-30,14139.78
2020-10-01,14321.32
2020-10-05,14403.97
2020-10-06,14564.5
2020-10-07,14613.15
2020-10-08,14699.94
2020-10-09,14757.92
2020-10-12,14750.66
2020-10-13,14737.25
2020-10-14,14780.59
2020-10-15,14457.62
2020-10-16,14572.95
2020-10-19,14698.7
2020-10-20,14734.59
2020-10-21,14770.31
2020-10-22,14753.69
2020-10-23,14816.06
2020-10-26,14615.15
2020-10-27,14767.77
2020-10-28,14594.96
2020-10-29,14539.33
2020-10-30,14521.56
2020-11-02,14543.26
2020-11-03,14695.59
2020-11-04,14803.64
2020-11-05,15063.26
2020-11-06,15212.07
2020-11-09,15428.84
2020-11-10,15569.44
2020-11-11,15702.39
2020-11-12,15681.98
2020-11-13,15749.74
2020-11-17,15957.28
2020-11-18,16055.59
2020-11-19,15887.85
2020-11-20,16013.83
2020-11-23,16129.46
2020-11-24,16277.69
2020-11-25,16037.11
2020-11-26,16187.4
2020-11-27,16255.62
2020-12-01,16431.79
2020-12-02,16466.7
2020-12-03,16520.43
2020-12-04,16649.76
2020-12-07,16788.33
2020-12-08,16816.26
2020-12-09,16956.62
2020-12-10,16896.14
2020-12-11,16941.77
2020-12-14,17008.25
2020-12-15,17021.37
2020-12-16,17167.23
2020-12-17,17209.96
2020-12-18,17223.02
2020-12-21,16630.4
2020-12-22,16799.49
2020-12-23,17026.8
2020-12-24,17178.02
2020-12-28,17343.97
2020-12-29,17392.96
2020-12-30,17457.65
2020-12-31,17470.79
2021-01-01,17556.56
2021-01-04,17733.95
2021-01-05,17848.06
2021-01-06,17803.92
2021-01-07,17846.66
2021-01-08,18088.64
2021-01-11,18211.34
2021-01-12,18290.03
2021-01-13,18263.91
2021-01-14,18308.29
2021-01-15,18098.51
2021-01-18,17863.35
2021-01-19,18175.28
2021-01-20,18321.73
2021-01-21,18227.91
2021-01-22,17983.28
2021-01-25,17815.21
2021-01-27,17516.93
2021-01-28,17359.8
2021-01-29,17147.27
2021-02-01,17857.07
2021-02-02,18286.87
2021-02-03,18470.15
2021-02-04,18640.59
2021-02-05,18631.61
2021-02-08,18876.94
2021-02-09,18867.87
2021-02-10,18896.0
2021-02-11,18993.38
2021-02-12,18984.95
2021-02-15,19174.53
2021-02-16,19197.73
2021-02-17,19127.05
2021-02-18,19079.01
2021-02-19,18886.34
2021-02-22,18551.85
2021-02-23,18629.78
2021-02-24,18920.72
2021-02-25,19091.93
2021-02-26,18504.86
2021-03-01,18788.79
2021-03-02,19018.35
2021-03-03,19391.15
2021-03-04,19275.76
2021-03-05,19048.33
2021-03-08,19080.72
2021-03-09,19169.29
2021-03-10,19282.39
2021-03-12,19134.34
2021-03-15,19009.24
2021-03-16,19013.09
2021-03-17,18720.14
2021-03-18,18500.44
2021-03-19,18713.4
2021-03-22,18751.47
2021-03-23,18872.96
2021-03-24,18538.4
2021-03-25,18229.33
2021-03-26,18465.85
2021-03-30,18830.03
2021-03-31,18717.24
2021-04-01,18968.55
2021-04-05,18694.76
2021-04-06,18785.23
2021-04-07,18972.6
2021-04-08,19065.82
2021-04-09,19044.22
2021-04-12,18279.05
2021-04-13,18526.24
2021-04-15,18603.68
2021-04-16,18695.58
2021-04-19,18359.48
2021-04-20,18327.47
2021-04-22,18444.73
2021-04-23,18404.47
2021-04-27,18795.17
2021-04-28,19031.44
2021-04-29,19058.16
2021-04-30,18802.03
2021-05-03,18848.97
2021-05-04,18704.85
2021-05-05,18876.03
2021-05-06,19011.17
2021-05-07,19104.24
2021-05-10,19266.67
2021-05-11,19225.1
2021-05-12,19066.54
2021-05-14,18966.49
2021-05-17,19270.53
2021-05-18,19524.65
2021-05-19,19478.9
2021-05-20,19368.54
2021-05-21,19644.37
2021-05-24,19712.23
2021-05-25,19717.29
2021-05-26,19807.35
2021-05-27,19874.32
2021-05-28,19952.29
2021-05-31,20138.1
2021-06-01,20113.79
2021-06-02,20210.99
2021-06-03,20376.14
2021-06-04,20396.67
2021-06-07,20527.27
2021-06-08,20553.02
2021-06-09,20400.55
2021-06-10,20596.64
2021-06-11,20672.33
2021-06-14,20660.97
2021-06-15,20742.75
2021-06-16,20595.05
2021-06-17,20470.4
2021-06-18,20411.66
2021-06-21,20518.07
2021-06-22,20571.44
2021-06-23,20468.1
2021-06-24,20537.58
2021-06-25,20646.1
2021-06-28,20636.45
2021-06-29,20564.62
2021-06-30,20552.2
2021-07-01,20524.09
2021-07-02,20585.64
2021-07-05,20726.43
2021-07-06,20709.59
2021-07-07,20796.33
2021-07-08,20651.57
2021-07-09,20645.03
2021-07-12,20677.41
2021-07-13,20799.35
2021-07-14,20849.7
2021-07-15,20944.04
2021-07-16,20977.88
2021-07-19,20791.94
2021-07-20,20602.8
2021-07-22,20871.08
2021-07-23,20900.63
2021-07-26,20882.53
2021-07-27,20785.77
2021-07-28,20742.92
2021-07-29,20845.17
2021-07-30,20876.6
2021-08-02,21060.19
2021-08-03,21297.96
2021-08-04,21344.42
2021-08-05,21365.73
2021-08-06,21324.85
2021-08-09,21296.21
2021-08-10,21232.02
2021-08-11,21208.2
2021-08-12,21355.83
2021-08-13,21498.96
2021-08-16,21507.33
2021-08-17,21573.22
2021-08-18,21547.14
2021-08-20,21315.55
2021-08-23,21296.0
2021-08-24,21499.0
2021-08-25,21545.48
2021-08-26,21566.38
2021-08-27,21697.34
2021-08-30,22011.32
2021-08-31,22253.61
2021-09-01,22246.76
2021-09-02,22452.0
2021-09-03,22566.65
2021-09-06,22637.89
2021-09-07,22604.92
2021-09-08,22641.43
2021-09-09,22691.66
2021-09-13,22716.99
2021-09-14,22797.33
2021-09-15,22975.2
2021-09-16,23106.08
2021-09-17,22987.76
2021-09-20,22681.84
2021-09-21,22865.1
2021-09-22,22932.93
2021-09-23,23261.84
2021-09-24,23241.27
2021-09-27,23236.8
2021-09-28,23094.75
2021-09-29,23081.51
2021-09-30,23029.08
2021-10-01,22969.86
2021-10-04,23225.63
2021-10-05,23377.08
2021-10-06,23154.34
2021-10-07,23392.45
2021-10-08,23507.21
2021-10-11,23603.3
2021-10-12,23685.8
2021-10-13,23914.47
2021-10-14,24126.87
2021-10-18,24305.72
2021-10-19,24109.39
2021-10-20,23820.0
2021-10-21,23698.38
2021-10-22,23563.8
2021-10-25,23463.94
2021-10-26,23731.73
2021-10-27,23708.68
2021-10-28,23259.72
2021-10-29,23100.97
2021-11-01,23431.96
2021-11-02,23452.89
2021-11-03,23404.31
2021-11-08,23768.47
2021-11-09,23803.67
2021-11-10,23772.02
2021-11-11,23608.35
2021-11-12,23865.63
2021-11-15,23886.54
2021-11-16,23783.6
2021-11-17,23677.24
2021-11-18,23443.76
2021-11-22,22948.81
2021-11-23,23150.31
2021-11-24,23057.77
2021-11-25,23217.37
2021-11-26,22537.92
2021-11-29,22460.1
2021-11-30,22447.74
2021-12-01,22656.71
2021-12-02,22946.71
2021-12-03,22766.46
2021-12-06,22401.81
2021-12-08,23098.91
2021-12-09,23180.65
2021-12-10,23224.15
2021-12-13,23085.13
2021-12-14,23052.95
2021-12-15,22914.8
2021-12-16,22889.27
2021-12-17,22489.29
2021-12-20,21918.48
2021-12-21,22164.77
2021-12-22,22442.93
2021-12-23,22614.17
2021-12-24,22481.33
2021-12-27,22577.6
2021-12-28,22792.66
2021-12-29,22785.85
2021-12-30,22754.58
2021-12-31,22990.88
2022-01-03,23310.38
2022-01-04,23485.37
2022-01-05,23604.46
2022-01-06,23441.51
2022-01-07,23531.13
2022-01-10,23756.45
2022-01-11,23810.11
2022-01-12,24020.69
2022-01-13,24102.2
2022-01-14,24116.52
2022-01-17,24194.84
2022-01-18,23875.7
2022-01-19,23722.89
2022-01-20,23554.44
2022-01-21,23278.25
2022-01-24,22560.17
2022-01-25,22744.48
2022-01-27,22510.82
2022-01-28,22577.57
2022-01-31,22881.58
2022-02-01,23180.44
2022-02-02,23452.49
2022-02-03,23215.34
2022-02-04,23138.74
2022-02-07,22809.5
2022-02-08,22788.92
2022-02-09,23037.24
2022-02-10,23186.39
2022-02-11,22847.57
2022-02-14,22103.72
2022-02-15,22726.82
2022-02-16,22706.7
2022-02-17,22682.48
2022-02-18,22588.37
2022-02-21,22419.75
2022-02-22,22254.97
2022-02-23,22282.64
2022-02-24,21159.69
2022-02-25,21793.49
2022-02-28,21978.65
2022-03-02,21812.5
2022-03-03,21714.47
2022-03-04,21341.5
2022-03-07,20836.23
2022-03-08,21055.17
2022-03-09,21477.68
2022-03-10,21799.49
2022-03-11,21873.99
2022-03-14,22085.19
2022-03-15,21841.28
2022-03-16,22250.14
2022-03-17,22618.83
2022-03-21,22437.28
2022-03-22,22624.23
2022-03-23,22579.87
2022-03-24,22586.94
2022-03-25,22513.87
2022-03-28,22551.67
2022-03-29,22684.14
2022-03-30,22892.81
2022-03-31,22889.14
2022-04-01,23185.39
2022-04-04,23642.61
2022-04-05,23653.78
2022-04-06,23557.6
2022-04-07,23362.93
2022-04-08,23579.95
2022-04-11,23553.95
2022-04-12,23306.86
2022-04-13,23266.65
2022-04-18,22940.09
2022-04-19,22634.01
2022-04-20,22824.1
2022-04-21,23137.67
2022-04-22,22893.2
2022-04-25,22552.63
2022-04-26,22899.02
2022-04-27,22680.26
2022-04-28,22926.74
2022-04-29,22726.01
2022-05-02,22653.68
2022-05-04,22126.53
2022-05-05,22130.39
2022-05-06,21746.45
2022-05-09,21509.71
2022-05-10,21301.05
2022-05-11,21171.75
2022-05-12,20714.03
2022-05-13,20723.68
2022-05-16,20877.04
2022-05-17,21423.03
2022-05-18,21410.98
2022-05-19,20845.9
2022-05-20,21375.43
2022-05-23,21284.62
2022-05-24,21148.4
2022-05-25,20912.97
2022-05-26,21131.35
2022-05-27,21363.35
2022-05-30,21797.25
2022-05-31,21765.82
2022-06-01,21709.49
2022-06-02,21841.16
2022-06-03,21702.58
2022-06-06,21666.17
2022-06-07,21483.6
2022-06-08,21483.6
2022-06-09,21551.0
2022-06-10,21250.32
2022-06-13,20687.8
2022-06-14,20644.23
2022-06-15,20646.77
2022-06-16,20197.0
2022-06-17,20052.33
2022-06-20,19985.84
2022-06-21,20435.5
2022-06-22,20136.4
2022-06-23,20339.15
2022-06-24,20561.02
2022-06-27,20749.4
2022-06-28,20779.92
2022-06-29,20708.33
2022-06-30,20667.27
2022-07-01,20678.08
2022-07-04,20802.77
2022-07-05,20787.26
2022-07-06,21048.95
2022-07-07,21257.79
2022-07-08,21355.42
2022-07-11,21446.79
2022-07-12,21281.05
2022-07-13,21200.87
2022-07-14,21171.19
2022-07-15,21306.94
2022-07-18,21606.99
2022-07-19,21714.15
2022-07-20,21888.95
2022-07-21,22064.83
2022-07-22,22165.12
2022-07-25,22077.13
2022-07-26,21864.15
2022-07-27,22053.68
2022-07-28,22374.32
2022-07-29,22678.29
2022-08-01,22960.55
2022-08-02,23008.71
2022-08-03,23012.66
2022-08-04,23035.97
2022-08-05,23048.31
2022-08-08,23199.97
2022-08-10,23191.7
2022-08-11,23369.29
2022-08-12,23440.39
2022-08-16,23657.0
2022-08-17,23809.95
2022-08-18,23858.77
2022-08-19,23602.41
2022-08-22,23238.86
2022-08-23,23376.55
2022-08-24,23453.99
2022-08-25,23392.71
2022-08-26,23465.33
2022-08-29,23194.58
2022-08-30,23740.37
2022-09-01,23564.7
2022-09-02,23550.07
2022-09-05,23693.79
2022-09-06,23722.71
2022-09-07,23732.85
2022-09-08,23921.0
2022-09-09,23962.62
2022-09-12,24133.13
2022-09-13,24276.42
2022-09-14,24215.82
2022-09-15,24139.94
2022-09-16,23618.75
2022-09-19,23696.71
2022-09-20,23971.12
2022-09-21,23802.29
2022-09-22,23763.44
2022-09-23,23333.25
2022-09-26,22818.87
2022-09-27,22821.33
2022-09-28,22656.0
2022-09-29,22627.96
2022-09-30,22979.45
2022-10-03,22683.76
2022-10-04,23190.95
2022-10-06,23326.09
2022-10-07,23300.77
2022-10-10,23168.98
2022-10-11,22812.98
2022-10-12,22980.4
2022-10-13,22825.98
2022-10-14,22957.38
2022-10-17,23100.15
2022-10-18,23333.17
2022-10-19,23354.01
2022-10-20,23421.44
2022-10-21,23373.43
2022-10-24,23555.8
2022-10-25,23492.95
2022-10-27,23638.82
2022-10-28,23634.83
2022-10-31,23919.76
2022-11-01,24098.84
2022-11-02,24037.05
2022-11-03,24017.67
2022-11-04,24089.43
2022-11-07,24220.28
2022-11-09,24148.28
2022-11-10,23950.94
2022-11-11,24275.37
2022-11-14,24277.12
2022-11-15,24345.02
2022-11-16,24297.65
2022-11-17,24195.57
2022-11-18,24124.3
2022-11-22,24060.5
2022-11-23,24105.44
2022-11-24,24326.89
2022-11-25,24398.91
2022-11-28,24487.63
2022-11-29,24531.13
2022-11-30,24738.49
2022-12-01,24828.21
2022-12-02,24765.44
2022-12-05,24771.15
2022-12-06,24702.36
2022-12-07,24608.0
2022-12-08,24684.18
2022-12-09,24531.62
2022-12-12,24555.31
2022-12-13,24673.99
2022-12-14,24765.99
2022-12-15,24486.8
2022-12-16,24258.0
2022-12-19,24442.38
2022-12-20,24397.44
2022-12-21,24089.23
2022-12-22,23940.18
2022-12-23,23342.13
2022-12-26,23733.97
2022-12-27,23919.81
2022-12-28,23942.23
2022-12-29,24023.53
2022-12-30,23967.12
2023-01-02,24083.14
2023-01-03,24136.79
2023-01-04,23881.12
2023-01-05,23870.5
2023-01-06,23693.33
2023-01-09,23693.33
2023-01-10,23775.95
2023-01-11,23738.93
2023-01-12,23738.93
2023-01-13,23808.34
2023-01-16,23808.34
2023-01-17,23885.99
2023-01-18,23994.91
2023-01-19,23924.61
2023-01-20,23813.19
2023-01-23,23899.01
2023-01-24,23876.66
2023-01-25,23541.16
2023-01-27,23080.08
2023-01-30,23048.29
2023-01-31,23175.05
2023-02-01,23038.8
2023-02-02,23026.24
2023-02-03,23217.58
2023-02-06,23174.09
2023-02-07,23125.02
2023-02-08,23322.64
2023-02-09,23325.42
2023-02-10,23304.12
2023-02-13,23125.41
2023-02-14,23231.75
2023-02-15,23352.25
2023-02-16,23420.94
2023-02-17,23298.25
2023-02-20,23197.0
2023-02-21,23158.96
2023-02-22,22830.35
2023-02-23,22775.81
2023-02-24,22719.84
2023-02-27,22592.89
2023-02-28,22546.35
2023-03-01,22773.28
2023-03-02,22652.74
2023-03-03,22943.96
2023-03-06,23108.97
2023-03-08,23172.99
2023-03-09,22989.73
2023-03-10,22797.01
2023-03-13,22446.97
2023-03-14,22298.04
2023-03-15,22238.83
2023-03-16,22254.68
2023-03-17,22395.26
2023-03-20,22234.47
2023-03-21,22380.86
2023-03-22,22456.46
2023-03-23,22368.83
2023-03-24,22176.11
2023-03-27,22150.83
2023-03-28,22071.73
2023-03-29,22279.71
2023-03-31,22609.54
2023-04-03,22678.03
2023-04-05,22844.93
2023-04-06,22922.21
2023-04-10,22970.96
2023-04-11,23090.27
2023-04-12,23205.72
2023-04-13,23227.12
2023-04-17,23149.56
2023-04-18,23138.2
2023-04-19,23075.89
2023-04-20,23083.44
2023-04-21,23061.48
2023-04-24,23190.5
2023-04-25,23230.2
2023-04-26,23290.3
2023-04-27,23415.66
2023-04-28,23643.94
2023-05-02,23770.12
2023-05-03,23732.29
2023-05-04,23932.9
2023-05-05,23735.76
2023-05-08,23966.42
2023-05-09,23956.36
2023-05-10,24027.2
2023-05-11,24055.22
2023-05-12,24044.99
2023-05-15,24157.41
2023-05-16,24100.95
2023-05-17,23998.15
2023-05-18,23897.44
2023-05-19,23970.65
2023-05-22,24120.68
2023-05-23,24184.07
2023-05-24,24139.55
2023-05-25,24200.87
2023-05-26,24420.97
2023-05-29,24538.66
2023-05-30,24580.88
2023-05-31,24538.09
2023-06-01,24528.9
2023-06-02,24622.76
2023-06-05,24698.02
2023-06-06,24727.42
2023-06-07,24927.81
2023-06-08,24794.46
2023-06-09,24728.83
2023-06-12,24809.86
2023-06-13,24995.38
2023-06-14,25051.74
2023-06-15,25016.49
2023-06-16,25210.05
2023-06-19,25152.76
2023-06-20,25242.91
2023-06-21,25307.38
2023-06-22,25151.71
2023-06-23,24951.37
2023-06-26,25036.52
2023-06-27,25188.25
2023-06-28,25365.6
2023-06-30,25605.81
2023-07-03,25758.55
2023-07-04,25802.39
2023-07-05,25866.77
2023-07-06,26019.5
2023-07-07,25819.68
2023-07-10,25802.98
2023-07-11,25951.75
2023-07-12,25941.03
2023-07-13,25915.16
2023-07-14,26140.06
2023-07-17,26306.4
2023-07-18,26306.44
2023-07-19,26433.69
2023-07-20,26576.66
2023-07-21,26363.76
2023-07-24,26302.9
2023-07-25,26352.58
2023-07-26,26474.86
2023-07-27,26390.08
2023-07-28,26439.89
2023-07-31,26612.52
2023-08-01,26600.66
2023-08-02,26308.16
2023-08-03,26176.98
2023-08-04,26362.94
2023-08-07,26465.57
2023-08-08,26454.63
2023-08-09,26551.16
2023-08-10,26451.46
2023-08-11,26335.87
2023-08-14,26285.2
2023-08-16,26328.16
2023-08-17,26249.46
2023-08-18,26183.37
2023-08-21,26337.03
2023-08-22,26420.68
2023-08-23,26491.09
2023-08-24,26459.92
2023-08-25,26289.91
2023-08-28,26374.96
2023-08-29,26456.41
2023-08-30,26521.52
2023-08-31,26451.77
2023-09-01,26687.23
2023-09-04,26853.57
2023-09-05,26964.77
2023-09-06,27015.63
2023-09-07,27173.35
2023-09-08,27333.04
2023-09-11,27592.63
2023-09-12,27291.38
2023-09-13,27394.9
2023-09-14,27515.02
2023-09-15,27612.99
2023-09-18,27531.77
2023-09-20,27275.34
2023-09-21,27047.52
2023-09-22,26981.05
2023-09-25,26999.45
2023-09-27,27107.39
2023-09-28,26840.81
2023-09-29,27031.74
2023-10-03,26972.02
2023-10-04,26766.76
2023-10-05,26880.39
2023-10-06,27033.29
2023-10-09,26773.95
2023-10-10,27048.54
2023-10-11,27211.1
2023-10-12,27230.45
2023-10-13,27184.52
2023-10-16,27188.68
2023-10-17,27305.47
2023-10-18,27112.09
2023-10-19,27061.52
2023-10-20,26905.17
2023-10-23,26404.83
2023-10-25,26217.58
2023-10-26,25896.34
2023-10-27,26225.88
2023-10-30,26320.74
2023-10-31,26281.76
2023-11-01,26176.34
2023-11-02,26428.25
2023-11-03,26603.2
2023-11-06,26852.91
2023-11-07,26897.88
2023-11-08,27010.76
2023-11-09,26947.4
2023-11-10,27007.31
2023-11-12,27170.84
2023-11-13,27105.14
2023-11-15,27402.22
2023-11-16,27539.17
2023-11-17,27551.74
2023-11-20,27510.09
2023-11-21,27594.87
2023-11-22,27595.66
2023-11-23,27614.05
2023-11-24,27621.9
2023-11-28,27775.75
2023-11-29,28029.82
2023-11-30,28161.16
2023-12-01,28360.55
2023-12-04,28882.17
2023-12-05,29101.4
2023-12-06,29244.57
2023-12-07,29281.91
2023-12-08,29281.34
2023-12-11,29385.81
2023-12-12,29255.2
2023-12-13,29356.39
2023-12-14,29704.91
2023-12-15,29972.97
2023-12-18,29989.39
2023-12-19,30010.85
2023-12-20,29400.59
2023-12-21,29654.71
2023-12-22,29831.49
2023-12-26,29978.9
2023-12-27,30210.78
2023-12-28,30370.94
2023-12-29,30417.8
2024-01-02,30400.92
2024-01-03,30320.7
2024-01-04,30593.27
2024-01-05,30670.51
2024-01-08,30399.86
2024-01-09,30465.39
2024-01-10,30556.65
2024-01-11,30660.78
2024-01-12,30913.19
2024-01-15,31132.31
2024-01-16,31041.51
2024-01-17,30509.29
2024-01-18,30395.29
2024-01-19,30703.17
2024-01-20,30696.16
2024-01-24,30460.23
2024-01-25,30369.59
2024-01-29,30868.87
2024-01-30,30654.14
2024-01-31,31011.17
2024-02-01,30972.56
2024-02-02,31181.94
2024-02-05,31092.89
2024-02-06,31378.02
2024-02-07,31497.14
2024-02-08,31317.58
2024-02-09,31279.68
2024-02-12,30831.81
2024-02-13,31000.76
2024-02-14,31219.36
2024-02-15,31403.73
2024-02-16,31609.27
2024-02-19,31728.7
2024-02-20,31781.65
2024-02-21,31557.54
2024-02-22,31802.39
2024-02-23,31849.62
2024-02-26,31759.23
2024-02-27,31817.3
2024-02-28,31390.09
2024-02-29,31499.31
2024-03-01,31906.58
2024-03-02,32018.73
2024-03-04,32035.51
2024-03-05,31957.1
2024-03-06,31953.91
2024-03-07,32040.62
2024-03-11,31811.65
2024-03-12,31627.67
2024-03-13,30804.35
2024-03-14,31227.76
2024-03-15,31085.07
2024-03-16,32026.71
2024-03-18,31113.75
2024-03-19,30749.48
2024-03-20,30783.19
2024-03-21,31199.42
2024-03-22,31353.21
2024-03-27,31499.32
2024-04-02,32256.66
2024-04-03,32313.03
2024-04-04,32405.59
2024-04-05,32484.71
2024-04-08,32647.88
2024-04-09,32603.32
2024-04-10,32798.55
2024-04-12,32532.43
2024-04-15,32114.13
2024-04-16,32026.71
2024-04-18,31872.54
2024-04-19,31967.61
2024-04-22,32265.09
2024-04-23,32387.08
2024-04-24,32509.43
2024-04-25,32724.61
2024-04-26,32919.57
2024-04-30,32927.38
2024-05-02,33063.0
2024-05-03,32868.94
2024-05-07,32365.34
2024-05-08,32473.36
2024-05-09,31908.53
2024-05-13,32197.97
2024-05-14,32469.95
2024-05-16,32860.88
2024-05-17,33073.63
2024-05-18,33199.1
2024-05-21,33266.91
2024-05-22,33357.18
2024-05-23,33752.67
2024-05-24,33744.48
2024-05-27,33759.03
2024-05-28,33593.17
2024-05-29,33387.37
2024-05-30,33045.31
2024-05-31,33168.2
2024-06-04,31956.22
2024-06-05,33104.99
2024-06-06,33104.99
2024-06-07,34221.81
2024-06-10,34291.15
2024-06-12,34536.95
2024-06-13,34715.59
2024-06-14,34943.92
2024-06-18,35127.1
2024-06-19,34963.41
2024-06-20,35096.03
2024-06-21,34991.85
2024-06-24,35075.14
2024-06-25,35204.26
2024-06-26,35308.41
2024-06-28,35506.97
2024-07-01,35771.61
2024-07-02,35693.16
2024-07-05,36187.04
2024-07-08,36161.2
2024-07-09,36314.78
2024-07-10,36173.97
2024-07-11,36217.5
2024-07-12,36362.3
2024-07-15,36542.56
2024-07-16,36536.66
2024-07-18,36546.2
2024-07-19,35989.82
2024-07-22,36130.29
2024-07-23,36011.83
2024-07-24,36101.16
2024-07-25,36094.83
2024-07-26,36686.77
2024-07-29,36848.02
2024-07-30,36923.23
2024-07-31,37066.08
2024-08-01,37029.53
2024-08-02,36647.21
2024-08-05,35519.5
2024-08-06,35364.14
2024-08-07,36012.32
2024-08-08,35786.64
2024-08-09,36133.36
2024-08-12,36135.49
2024-08-13,35804.66
2024-08-14,35754.3
2024-08-16,36365.97
2024-08-19,36503.86
2024-08-20,36726.55
2024-08-21,36866.43
2024-08-22,36980.53
2024-08-23,36949.74
2024-08-26,37175.56
2024-08-27,37243.6
2024-08-28,37261.15
2024-08-29,37285.57
2024-08-30,37449.92
2024-09-02,37491.24
2024-09-03,37535.12
2024-09-04,37472.7
2024-09-05,37494.75
2024-09-06,37045.67
2024-09-09,37084.59
2024-09-10,37307.88
2024-09-11,37130.71
2024-09-12,37724.21
2024-09-13,37757.92
2024-09-16,37821.03
2024-09-17,37824.52
2024-09-18,37712.14
2024-09-19,37642.28
2024-09-20,38179.29
2024-09-23,38472.29
2024-09-24,38488.87
2024-09-25,38460.31
2024-09-26,38658.58
2024-09-27,38646.95
2024-09-30,38261.39
2024-10-03,37488.51
2024-10-04,37140.49
2024-10-07,36583.47
2024-10-08,37105.17
2024-10-09,37242.54
2024-10-10,37240.29
2024-10-11,37261.17
2024-10-14,37443.97
2024-10-15,37457.6
2024-10-16,37358.9
2024-10-17,36891.5
2024-10-18,36994.04
2024-10-21,36713.97
2024-10-22,36008.15
2024-10-23,36050.23
2024-10-24,35966.15
2024-10-25,35510.88
2024-10-28,35749.31
2024-10-29,35992.9
2024-10-30,35921.77
2024-10-31,35830.98
2024-11-01,36042.89
2024-11-04,35561.76
2024-11-05,35816.9
2024-11-06,36377.55
2024-11-07,36023.67
2024-11-08,35771.65
2024-11-11,35685.95
2024-11-12,35275.39
2024-11-13,34618.08
2024-11-14,34699.38
2024-11-18,34599.09
2024-11-21,34476.59
2024-11-22,35116.0
2024-11-25,35635.18
2024-11-26,35649.51
2024-11-27,35853.83
2024-11-28,35573.8
2024-11-29,35847.4
2024-12-02,36082.61
2024-12-03,36374.88
2024-12-04,36499.26
2024-12-05,36781.26
2024-12-06,36835.17
2024-12-09,36803.45
2024-12-10,36839.6
2024-12-11,36907.95
2024-12-12,36747.2
2024-12-13,36909.23
2024-12-16,36898.98
2024-12-17,36493.34
2024-12-18,36238.39
2024-12-19,35950.45
2024-12-20,35266.62
2024-12-23,35413.41
2024-12-24,35401.02
2024-12-26,35444.76
2024-12-27,35468.25
2024-12-30,35329.04
2024-12-31,35357.9
2025-01-01,35526.08
2025-01-02,36060.05
2025-01-03,35883.72
2025-01-06,35120.87
2025-01-07,35304.55
2025-01-08,35131.01
2025-01-09,34838.29
2025-01-10,34447.06
2025-01-13,33569.22
2025-01-14,33944.68
2025-01-15,34055.47
2025-01-16,34313.8
2025-01-17,34278.13
2025-01-20,34481.71
2025-01-21,33887.69
2025-01-22,33829.92
2025-01-23,34053.66
2025-01-24,33707.25
2025-01-27,33062.34
2025-01-28,33084.22
2025-01-29,33593.2
2025-01-30,33676.11
2025-01-31,34130.93
2025-02-01,34132.24
2025-02-03,33849.51
2025-02-04,34363.72
2025-02-05,34453.97
2025-02-06,34279.63
2025-02-07,34246.84
2025-02-10,33812.23
2025-02-11,33146.32
2025-02-12,33091.14
2025-02-13,33086.76
2025-02-14,32659.9
2025-02-17,32691.24
2025-02-18,32627.75
2025-02-19,32817.74
2025-02-20,32975.85
2025-02-21,32753.5
2025-02-24,32402.38
2025-02-25,32323.82
2025-02-27,32160.49
2025-02-28,31473.37
2025-03-03,31498.76
2025-03-04,31531.88
2025-03-05,32068.0
2025-03-06,32369.7
2025-03-07,32364.23
2025-03-11,32142.17
2025-03-12,32081.82
2025-03-13,31942.25
2025-03-17,32119.96
2025-03-18,32703.97
2025-03-19,33033.14
2025-03-20,33358.7
2025-03-21,33681.84
2025-03-24,34100.12
2025-03-25,33941.26
2025-03-26,33685.64
2025-03-27,33895.46
2025-03-28,33787.56
2025-04-01,33361.96
2025-04-02,33670.61
2025-04-03,33635.56
2025-04-04,32942.09
2025-04-07,31834.33
2025-04-08,32428.26
2025-04-09,32231.86
2025-04-11,32859.13
2025-04-15,33692.8
2025-04-16,33890.74
2025-04-17,34329.58
2025-04-21,34842.91
2025-04-22,34968.69
2025-04-23,35210.27
2025-04-24,35120.1
2025-04-25,34594.15
2025-04-28,34999.51
2025-04-29,35016.37
2025-04-30,34886.08
2025-05-02,34848.28
2025-05-05,35147.86
2025-05-06,34770.1
2025-05-07,34953.84
2025-05-08,34590.6
2025-05-09,34326.37
2025-05-12,35650.0
2025-05-13,35393.94
2025-05-14,35632.27
2025-05-15,36090.63
2025-05-16,36232.61
2025-05-19,36224.52
2025-05-20,35780.62
2025-05-21,36010.7
2025-05-22,35797.03
2025-05-23,36092.88
2025-05-26,36294.53
2025-05-27,36149.56
2025-05-28,36105.43
2025-05-29,36236.36
2025-05-30,36160.26
2025-06-02,36211.9
2025-06-03,36024.39
2025-06-04,36185.79
2025-06-05,36386.82
2025-06-06,36753.75
2025-06-09,37016.25
2025-06-10,37032.96
2025-06-11,37030.15
2025-06-12,36568.42
2025-06-13,36348.18
2025-06-16,36648.19
2025-06-17,36468.69
2025-06-18,36379.4
2025-06-19,36123.39
2025-06-20,36565.82
2025-06-23,36507.74
2025-06-24,36687.65
2025-06-25,36979.23
2025-06-26,37329.53
2025-06-27,37526.73
2025-06-30,37522.38
2025-07-01,37519.71
2025-07-02,37411.42
2025-07-03,37371.0
2025-07-04,37443.2
2025-07-07,37426.49
2025-07-08,37461.97
2025-07-09,37438.19
2025-07-10,37302.43
2025-07-11,37005.03
2025-07-14,37047.2
2025-07-15,37270.09
2025-07-16,37309.4
2025-07-17,37225.68
2025-07-18,37010.28
2025-07-21,37174.68
2025-07-22,37083.15
2025-07-23,37254.92
2025-07-24,37054.58
2025-07-25,36612.62
2025-07-28,36349.32
2025-07-29,36605.74
2025-07-30,36647.67
2025-07-31,36461.71
2025-08-01,36086.49
2025-08-05,36288.64
2025-08-06,36081.74
2025-08-07,36126.45
2025-08-08,35729.39
2025-08-11,36032.97
2025-08-12,35945.46
2025-08-14,36135.65
2025-08-18,36537.05
2025-08-19,36753.67
2025-08-20,36875.67
2025-08-21,36869.09
2025-08-22,36639.05
2025-08-25,36737.52
2025-08-26,36286.08
2025-08-28,35924.5
2025-08-29,35799.38
2025-09-01,36198.88
2025-09-02,36216.3
2025-09-03,36439.98
2025-09-04,36373.3
2025-09-05,36388.38
2025-09-08,36467.99
2025-09-09,36580.32
2025-09-10,36780.0
2025-09-11,36825.45
2025-09-12,36965.52
2025-09-15,37006.74
2025-09-16,37251.37
2025-09-17,37372.44
2025-09-18,37490.1
2025-09-19,37439.3
2025-09-22,37272.18
2025-09-23,37182.63
2025-09-24,36948.25
2025-09-25,36699.82
2025-09-26,36206.84
2025-09-29,36248.22
2025-09-30,36248.22
2025-10-01,36549.8
2025-10-03,36708.39
2025-10-06,36934.66
2025-10-07,36998.14
2025-10-08,36838.5
2025-10-09,37049.58
2025-10-10,37202.44
2025-10-14,36957.77
2025-10-15,37268.03
2025-10-16,37565.29
2025-10-17,37622.31
2025-10-20,37812.39
2025-10-21,37881.08
2025-10-23,37876.13
2025-10-24,37766.89
2025-10-27,38030.32
2025-10-28,37985.14
2025-10-29,38208.18
2025-10-30,38030.97
2025-10-31,37822.45
2025-11-03,37983.99
2025-11-04,37768.49
2025-11-06,37510.82
2025-11-07,37532.2
2025-11-10,37656.69
2025-11-11,37794.11
2025-11-12,38040.22
2025-11-13,38007.3
2025-11-14,38041.15
2025-11-17,38229.8
2025-11-18,38023.56
2025-11-19,38154.25
2025-11-20,38264.88
2025-11-21,37970.16
2025-11-24,37785.5
2025-11-25,37754.36
2025-11-26,38234.47
2025-11-27,38222.54
2025-11-28,38199.35
2025-12-01,38182.16
2025-12-02,38022.2
2025-12-03,37853.13
2025-12-04,37892.73
2025-12-05,38043.05
2025-12-08,37549.77
2025-12-09,37533.89
2025-12-10,37362.36
2025-12-11,37589.1
2025-12-12,37869.0
2025-12-15,37867.37
2025-12-16,37619.88
2025-12-17,37501.66
2025-12-18,37494.35
2025-12-19,37791.42
2025-12-22,38094.83
2025-12-23,38138.72
2025-12-24,38067.12
2025-12-26,37955.38
2025-12-29,37798.74
2025-12-30,37777.45
2025-12-31,38101.06
2026-01-01,38161.77
2026-01-02,38464.1
2026-01-05,38399.37
2026-01-06,38322.83
2026-01-07,38332.63
2026-01-08,37795.55
2026-01-09,37455.92
2026-01-12,37524.71
2026-01-13,37477.21
2026-01-14,37469.5
2026-01-16,37498.02
2026-01-19,37319.93
2026-01-20,36638.57
2026-01-22,36738.03
2026-01-23,36255.23
2026-01-27,36436.73
2026-01-28,36856.46
2026-01-29,36940.9
2026-01-30,36853.92
2026-02-01,36106.27
2026-02-02,36466.76
2026-02-03,37439.87
2026-02-04,37582.1
2026-02-05,37388.0
2026-02-06,37429.3
2026-02-09,37830.83
2026-02-10,37944.59
2026-02-11,37995.17
2026-02-12,37785.12
2026-02-13,37245.02
2026-02-16,37500.33
2026-02-17,37608.58
2026-02-18,37783.04
2026-02-19,37226.45
2026-02-20,37384.87
2026-02-23,37528.69
2026-02-24,37240.51
2026-02-25,37399.02
2026-02-26,37470.48
2026-02-27,37020.38
2026-03-02,36491.59
2026-03-04,35810.62
2026-03-05,36270.84
2026-03-06,35926.53
2026-03-09,35247.72
2026-03-10,35705.47
2026-03-11,35225.15
2026-03-12,34995.14
2026-03-13,34186.38
2026-03-16,34358.33
2026-03-17,34630.88
2026-03-18,35027.36
2026-03-19,33922.06
2026-03-20,34085.99
